Stride_Length_m,Gait_Speed_ms,Stride_Time_s,MTC_m
0.09281084889750434,0.08839128466428985,1.05,0.0006057899908367683
0.06900613297017671,0.06330837887172175,1.09,0.0012102147624538234
0.06514689229002513,0.059767791091766165,1.09,0.000295389062024351
0.05162052036534892,0.05011701006344555,1.03,0.000815214337586051
0.10012433706455182,0.09720809423742895,1.03,0.0006647500048246602
0.05620165091541829,0.05252490739758718,1.07,0.00034461228397136834
0.057142961003386415,0.054421867622272774,1.05,0.0005316801887480516
0.09876943270228966,0.09497060836758621,1.04,0.0001307372708819754
0.04346343941538106,0.04179176866863563,1.04,0.00043287147398662906
0.06899623435786989,0.06831310332462365,1.01,0.00019175940541399372
0.07639585967512186,0.07417073754866199,1.03,0.0001618033686329179
0.0677116321195789,0.06638395305841067,1.02,0.00031237565361308395
0.06667869011009156,0.0660185050594966,1.01,0.00021963851605455442
0.0616066759958663,0.060398701956731665,1.02,0.0001561012130796291
0.07887047228997772,0.07732399244115462,1.02,0.0002570531338345061
0.07829113886512384,0.07385956496709796,1.06,0.000244525430151854
0.0693228838549356,0.06478774192050055,1.07,0.0024448749970495953
0.08359331654106233,0.07961268242005937,1.05,0.0003851595092893012
0.07610495162184562,0.07112612301107067,1.07,0.00034168009485024964
0.07502404343682893,0.07283887712313489,1.03,0.0009909948555818504
0.07818961373074931,0.07376378653844275,1.06,0.0003718819691130859
0.07816237548342125,0.07738849057764481,1.01,0.0012854180488397482
0.06674525003706154,0.06543651964417797,1.02,0.00024236790032128308
0.07800427461925327,0.0772319550685676,1.01,0.0012553138751159043
0.07461117515460869,0.07461117515460869,1.0,0.0018255539980702729
0.07331491998666656,0.07331491998666656,1.0,0.0002678838672962591
0.07194904627296471,0.07123667947818288,1.01,0.0011944459788288952
0.0793137174955278,0.07700360921895903,1.03,0.0002533316011483766
0.07480920242436208,0.07263029361588551,1.03,0.0002816245092984726
0.08012493253466782,0.07855385542614492,1.02,0.00177623636903812
0.07835135458788427,0.0768150535175336,1.02,8.07349918905409e-05
0.07516207591350338,0.0722712268399071,1.04,0.0002436983805553794
0.06426871678606288,0.06558032325108458,0.98,0.0018004652044227853
0.08047994362136335,0.07813586759355665,1.03,0.000491645088579018
0.07373656464007995,0.0722907496471372,1.02,0.00021080565031406095
0.0646143140226267,0.0633473666888497,1.02,0.0006987808955118968
0.08120070347715698,0.07883563444384173,1.03,0.00020947619351252555
0.06558195057533749,0.06186976469371461,1.06,0.0022769321128093267
0.0796533593545995,0.07886471223227673,1.01,0.00033952880302567934
0.0701246308938264,0.0701246308938264,1.0,7.029198824315408e-05
0.059293078992070335,0.05813046960006896,1.02,0.00017642094479763948
0.07712940797785951,0.07870347752842807,0.98,0.0016101150592198188
0.06220823514126177,0.06836069795743051,0.91,0.0001650633106766719
0.06794268102436314,0.06794268102436314,1.0,0.0014135629238765102
0.061876504409654906,0.06250151960571203,0.99,0.0001574205021257491
0.07598906335357788,0.07675662965007868,0.99,0.00029169142722507146
0.07046553513825775,0.06585564031612873,1.07,0.001534282320926561
0.06598078430381586,0.06532750921169887,1.01,0.00032298177345380097
0.06685232073342356,0.06554149091512114,1.02,0.0019684068616854233
0.06837227177196503,0.06976762425710718,0.98,0.001336099229210852
0.06202716118325003,0.06461162623255212,0.96,0.00010206427180570188
0.06290148725654258,0.06552238255889853,0.96,0.0009474003907525841
0.06175712091319883,0.06175712091319883,1.0,0.0006040850134718667
0.06459478081572836,0.06591304164870242,0.98,0.00014547260366803982
0.07200082797994588,0.07058904703916262,1.02,1.2136883623448114e-05
0.05209062300182698,0.0542610656269031,0.96,0.00010510118915219024
0.07675598878180503,0.07452037745806314,1.03,0.00046749361641706955
0.05924413306277067,0.05865755748789175,1.01,0.0005594309446901313
0.061003794204392774,0.062248769596319156,0.98,0.00013413606349477192
0.07278761249792855,0.07503877577106036,0.97,0.0011413291012631888
0.07465730605727731,0.0717858712089205,1.04,0.0005473163678857418
0.053682337598699954,0.05211877436766986,1.03,0.0005140404913719365
0.07187634159640774,0.07187634159640774,1.0,0.0007008773671426383
0.07526537430662153,0.07378958265355051,1.02,0.00013058003466959178
0.058982644351096014,0.059578428637470725,0.99,0.0017056030485673723
0.07228403458452987,0.07017867435391249,1.03,0.000458103631039819
0.07780733666915272,0.07410222539919306,1.05,0.0004590969951037138
0.07147554660486456,0.07076786792560848,1.01,3.8767020937413577e-05
0.06970266488768243,0.06638349036922135,1.05,0.0002178783297392961
0.07563851949059969,0.07069020513140158,1.07,0.002278924553645645
0.08826545007675642,0.08569461172500623,1.03,0.00030016958467582455
0.06793690093875068,0.0672642583551987,1.01,0.0008152216970418458
0.07300499103842621,0.07228216934497644,1.01,3.169236533251407e-05
0.07617834705259884,0.07468465397313612,1.02,0.0008035040039096053
0.08183126807452298,0.07944783308206115,1.03,0.00017914168282295861
0.06311580218629494,0.06127747785077178,1.03,0.0002104539050313825
0.10335846112403972,0.09396223738549064,1.1,0.000603120396440282
0.09308779149923897,0.073297473621448,1.27,0.0006322759506236508
0.09208057014372002,0.08939861179001944,1.03,0.0002535343383187616
0.07930162209846375,0.06956282640216119,1.14,0.0005538718696307399
0.07708069777086528,0.07203803529987408,1.07,0.0005190408097477395
0.07186893444734196,0.06977566451198249,1.03,0.0005637548421879579
0.08304526724008682,0.07985121850008348,1.04,0.00028374565561595233
0.06690563357530757,0.06559375840716429,1.02,0.0005988841201403083
0.06326078875723336,0.06263444431409243,1.01,0.00022029895860598003
0.07676243399923573,0.0760024099002334,1.01,0.0011047553687322242
0.057961256609625464,0.05738738278180739,1.01,0.0003198744427908018
0.06348170623729617,0.06348170623729617,1.0,0.001067692272561871
0.06970154334449423,0.06970154334449423,1.0,0.0010962584377258722
0.06119383800961476,0.060587958425361146,1.01,0.0002066578546688902
0.0642192150720846,0.06486789401220666,0.99,0.0009726597147388105
0.050611643351265535,0.05164453403190361,0.98,0.0008698128106177094
0.07657553852023748,0.07894385414457472,0.97,0.00012422439645032313
0.06281200006595189,0.06344646471308271,0.99,0.001470760799051618
0.060707822244491456,0.06132103257019339,0.99,0.0014591870021058995
0.06734957003029184,0.06734957003029184,1.0,0.00011617207483016756
0.06630752133184098,0.06697729427458685,0.99,0.0006191328661611095
0.07672630434582112,0.08162372802746928,0.94,0.0003287754681284838
0.06451909297556477,0.06263989609278132,1.03,0.0007590888788113759
0.057314446133044455,0.057314446133044455,1.0,0.0018205482829252162
0.07838007508578343,0.07838007508578343,1.0,0.0012877963037745133
0.06718415598518887,0.06586681959332243,1.02,0.0004795113347260127
0.057489890341857836,0.05807059630490691,0.99,0.0027397344242166
0.07493825904370303,0.07493825904370303,1.0,0.0004441430015749148
0.06440173361740474,0.06376409269049975,1.01,0.0010057692796312523
0.07205400552189273,0.07205400552189273,1.0,0.00042829650574027767
0.06749581140535352,0.06817758727813486,0.99,0.0008046948281501543
0.057385240320102844,0.05916004156711634,0.97,0.0013899069133165298
0.0773083389915864,0.07808923130463273,0.99,0.0015178395286490343
0.05960981750820012,0.060211936876969824,0.99,0.00021102119455029822
0.06898418871953305,0.07185852991618026,0.96,5.062303884528774e-05
0.068940046951805,0.07107221335237629,0.97,0.0006810497957756567
0.0583145121470246,0.06203671505002618,0.94,7.051901073840128e-05
0.07140196705386384,0.0728591500549631,0.98,0.0007494882051188867
0.07993298275423999,0.07612665024213332,1.05,0.00023986177711865508
0.08073993360108199,0.0791567976481196,1.02,0.0002643250662286434
0.06610141565369594,0.06745042413642444,0.98,1.1529155947265224e-05
0.07228031309060871,0.06950030104866223,1.04,0.00020635642050059744
0.09260406489593496,0.09260406489593496,1.0,0.0015144851650470414
0.0501805780765423,0.05120467150667581,0.98,0.00020789181008495916
0.09128132298588101,0.08949149312341276,1.02,0.0006636797337513656
0.06749237933306981,0.06817412053845436,0.99,0.001481942364922162
0.05751660814237547,0.05751660814237547,1.0,0.00015757810348659973
0.09441858276758303,0.09537230582584144,0.99,0.00025206187341719755
0.05886894337177053,0.05606566035406717,1.05,0.00029166917793332914
0.08616552052229239,0.0805285238526097,1.07,0.003129719357294114
0.06731459322424384,0.06535397400412023,1.03,0.0005829946824578158
0.06907832394157941,0.07271402520166254,0.95,0.00019248104603342142
0.10395050028437273,0.09199159317201128,1.13,0.001858978842231629
0.06464280579126212,0.06733625603256471,0.96,8.22309683732314e-05
0.06722127929586227,0.07002216593318987,0.96,0.0015187935355118753
0.067326765277363,0.07087027923932948,0.95,0.0011463881868420955
0.07154715945596951,0.07226985803633285,0.99,0.0005672225142552278
0.07806014838725936,0.08131265457006183,0.96,0.00038962038916245945
0.05188202516598097,0.05461265806945365,0.95,0.0004120605832866886
0.08932693829166795,0.09402835609649259,0.95,0.0003247186040722383
0.06635065511992268,0.07134479045152976,0.93,0.005737397572493919
0.04143648771104723,0.04655785136072722,0.89,0.00016658560324245286
0.08650572438035631,0.06976268095190025,1.24,0.000722174279773391
0.06931946058044543,0.06189237551825484,1.12,0.0009201628373967097
0.07207598616737858,0.06864379634988435,1.05,0.0008519364204335744
0.07460494942781581,0.07314210728217237,1.02,0.00034371829164125955
0.06908283679118048,0.0664258046069043,1.04,0.001369595774465715
0.0862893797947807,0.0837760968881366,1.03,0.0005298032054623647
0.07761179494276071,0.07684336132946605,1.01,0.0008896979986694475
0.0674271592357797,0.06610505807429383,1.02,0.0003446039592081007
0.06736483525963437,0.0666978566927073,1.01,0.000277708727901782
0.06952969988474782,0.06952969988474782,1.0,0.0004253118505550546
0.0651356557041197,0.0651356557041197,1.0,0.0013598708013962124
0.07869942517808312,0.07869942517808312,1.0,0.0001283110580558855
0.06507985746657893,0.06318432763745527,1.03,0.001566118307379405
0.0581811401227061,0.060605354294485526,0.96,0.0014705513169275264
0.08916569274515698,0.08916569274515698,1.0,0.0004884197389696254
0.05639417487208872,0.05754507640009053,0.98,0.0016484496611735011
0.06648395916028683,0.06648395916028683,1.0,0.0010366707645550477
0.06921227749275075,0.06991139140681893,0.99,0.001058112144932899
0.07334957349522905,0.07191134656395005,1.02,0.0008754068598229026
0.07008016904995915,0.06870604808819523,1.02,0.001024237170395459
0.06987506557083568,0.06918323323845117,1.01,0.000220960642903556
0.07695500778773756,0.0732904836073691,1.05,0.0005240616718111824
0.06956598486003043,0.0688772127327034,1.01,0.0010465788109161878
0.07438923523828675,0.07590738289621098,0.98,0.0002541965808786628
0.06770748762744537,0.0670371164628172,1.01,0.00030524558443456584
0.06536802820359454,0.06472082000355894,1.01,0.00026265424583282737
0.08126557302980149,0.08292405411204233,0.98,0.0001666536411581987
0.06493304141473401,0.06558893072195354,0.99,8.189862491292388e-06
0.06559934749120687,0.06368868688466686,1.03,0.0003034279575580001
0.07045555844476456,0.07116723075228744,0.99,0.00023648257308739318
0.06604051241311688,0.07025586426927329,0.94,0.0007810864270316742
0.06909872934835248,0.07273550457721314,0.95,0.00032454006054205564
0.060447702879979956,0.0616813294693673,0.98,0.0009289047372327275
0.06882424359075094,0.06747474861838328,1.02,0.00011571392237907929
0.06706467240578773,0.06774209333917952,0.99,0.00024803188087041406
0.07065001632796622,0.07136365285653154,0.99,0.0001281872136260631
0.07157048645594383,0.06881777543840753,1.04,0.0002893635844518627
0.06275680355418584,0.062135449063550334,1.01,0.00041768330932789866
0.07128402203608945,0.06920778838455287,1.03,0.0001761835339486595
0.06683925777363939,0.06751440179155493,0.99,0.00026972627129850935
0.06922737636092284,0.06786997682443416,1.02,0.0001482392364202667
0.06156922841849733,0.06095963209752211,1.01,0.00026480788755733897
0.08159973927329385,0.07351327862458905,1.11,0.00042486088693927115
0.07247729683217558,0.06529486201096898,1.11,0.0006638455703011914
0.05262917265272518,0.05210809173537147,1.01,0.00034365333887009797
0.08754670807506028,0.08106176673616691,1.08,0.0002710252504449784
0.06810215632274562,0.06676681992426041,1.02,0.00033830607470797247
0.060809599097156344,0.05736754631807202,1.06,0.000810804027551626
0.08363148189368574,0.0796490303749388,1.05,0.00013760804208828858
0.07068660716065939,0.06668547845345225,1.06,0.00035158868452711545
0.06924152649221936,0.06924152649221936,1.0,0.00023698018390483355
0.0642783371776598,0.05897095153913742,1.09,0.00043773540989988646
0.08187515655488009,0.07724071373101896,1.06,0.00030905171212758376
0.07166336784463175,0.06697511013516985,1.07,0.0004531540292980196
0.06841001497323998,0.06641749026528153,1.03,0.0002049563764465745
0.07473114048291037,0.07399122820090136,1.01,0.00038473798009164284
0.08133755306776246,0.07673354062996458,1.06,0.0018159806931823397
0.07562533008948961,0.07342265057232002,1.03,0.00014878266813589391
0.058007229557150014,0.05686983289916668,1.02,0.0003946184329759461
0.09965319824936054,0.09401245117864201,1.06,0.00039018934687007345
0.06758675780644018,0.06896607939432671,0.98,0.00035823527050027337
0.0601724250915046,0.06140043376684143,0.98,0.0003372173270861367
0.08787951843485944,0.08787951843485944,1.0,0.0007002750079436737
0.07118097192974054,0.07118097192974054,1.0,0.00026523007652912156
0.05637013865060705,0.05637013865060705,1.0,5.1771194048200186e-05
0.08525606816516651,0.08789285377852218,0.97,0.00022618062581436504
0.08309520665403095,0.08309520665403095,1.0,0.00022844619433470825
0.06120644122313549,0.060600436854589594,1.01,0.0003098299998764986
0.08198602843771943,0.07591298929418465,1.08,4.651494286100899e-05
0.07157983707396473,0.07379364646800488,0.97,0.0005088085313218471
0.07587196270816517,0.08430218078685019,0.9,0.0035123500940077435
0.06569545353815319,0.06027105829188366,1.09,0.0021685782818021693
0.0602187483120039,0.05575810028889249,1.08,0.0007578292141889875
0.0958057041779293,0.08953804128778439,1.07,0.004023414783473456
0.07123718804461769,0.06849729619674778,1.04,0.0009960077905155629
0.0721657889941484,0.0721657889941484,1.0,0.00014740203430285703
0.05809978050988051,0.05429886028960795,1.07,0.0004120703205696685
0.08615622616670948,0.08446688839873479,1.02,0.0003130972471012683
0.05630279184290672,0.05413729984894877,1.04,0.00014826995980854463
0.0791548900771295,0.0776028334089505,1.02,0.0006354881390038258
0.05837440407208763,0.059565718440905746,0.98,0.0037516610838910225
0.07369875874551364,0.07369875874551364,1.0,0.0004928886570194635
0.07581171468489568,0.07735889253560785,0.98,0.000811984522263387
0.0617168483802957,0.0611057904755403,1.01,0.00011542772615769081
0.0782621295469018,0.0745353614732398,1.05,0.0002593600470106594
0.066604348232698,0.06466441575990096,1.03,0.00010192488977089909
0.06813845344063522,0.06615383829187886,1.03,0.00038273887174078425
0.06516997074942364,0.0658282532822461,0.99,9.48191512168961e-05
0.06909825609140871,0.06580786294419877,1.05,0.000499674461657662
0.06783740744527111,0.06650726220124618,1.02,0.00028891571798084215
0.06100910181546964,0.06040505130244519,1.01,0.0008780625425313104
0.0706618739295865,0.0692763469897907,1.02,0.00019012557203623714
0.07015346389306619,0.06745525374333287,1.04,0.0009624094069664579
0.052617537254052556,0.0520965715386659,1.01,0.00015577445877568152
0.07625707788019342,0.07625707788019342,1.0,0.00041308868299871904
0.0631109633542163,0.06248610233090723,1.01,0.0003101358673678334
0.06271651806705128,0.060889823366069205,1.03,1.7221701950731472e-05
0.07031429121991373,0.06961811011872646,1.01,0.00038982266240061847
0.06111754940877596,0.06111754940877596,1.0,0.000673129026910857
0.056832330803566825,0.05859003175625446,0.97,0.00012456009385708455
0.07497603538506233,0.07350591704417875,1.02,0.000533210370665671
0.06699138172708997,0.06090125611553634,1.1,0.0002796635884454446
0.08002452061905771,0.07478927160659599,1.07,0.0005955488187243674
0.06868874200057264,0.06419508598184358,1.07,0.00027638295831877713
0.08780689819718067,0.07839901624748273,1.12,0.0002317972587189132
0.07832915556695456,0.0760477238514122,1.03,0.00036921590496596934
0.09416444806738851,0.07593907102208751,1.24,0.001208469667169254
