t_right_s,t_left_s,gait_speed_right,gait_speed_left,stride_length_right,stride_length_left,mtc_right,mtc_left,segmento_right,segmento_left,Asimetria_Velocidad_pct,Asimetria_Zancada_pct,Asimetria_MTC_pct,Gait_Speed_ms
0.54,0.56,0.6180736694508431,0.7017678671309355,0.33375978150345526,0.4140430416072519,0.004800935269022327,0.004820275277797489,0,0,-12.682461547141447,-21.471772403809517,-0.4020285946565067,0.6599207682908893
1.08,1.15,0.3241537060874341,0.3026094642088218,0.18152607540896312,0.16946129995694023,-0.047586496232000924,-0.058952548259549334,0,0,6.874763195938543,6.874763195938542,-21.33687622559796,0.313381585148128
1.64,1.71,0.23539805632500171,0.2392923605301186,0.08474330027700061,0.08853817339614388,0.001300825664937129,0.001603974365871762,0,0,-1.640776416308172,-4.380010209633167,-20.872259551044962,0.23734520842756016
2.0,2.08,0.12471111059017441,0.16933751857363374,0.02120088880032965,0.02878737815751774,-0.015725594723668565,-0.013434795750301605,0,0,-30.353080108119755,-30.353080108119762,15.711716723490563,0.14702431458190407
2.17,2.25,0.025090095074963157,0.08086646251118533,0.009032434226986736,0.030729255754250426,0.001736055046844688,0.0014270683933366108,0,0,-105.28157710460334,-109.13430257869841,19.536806536413092,0.05297827879307424
2.53,2.63,0.08986402287213738,0.09988280424138524,0.017074164345706102,0.018977732805863196,-0.0004121471635998887,-5.163051850978805e-05,0,0,-10.560156943497953,-10.56015694349796,155.46959631612617,0.09487341355676131
2.72,2.63,0.5137689228147629,0.09988280424138524,0.27229752909182436,0.018977732805863196,-0.016234107715233786,-5.163051850978805e-05,0,0,134.89283915451534,173.93842143377182,198.73188386626992,0.30682586352807406
3.25,3.37,0.2268812737372715,0.1584314039340016,0.07940844580804501,0.05545099137690056,-0.0003297708308449658,-0.000341074280044297,0,0,35.52951863248447,35.52951863248446,-3.36991326786224,0.19265633883563654
3.6,3.72,0.07070162618027684,0.14954286145295848,0.013433308974252598,0.02841314367606211,-0.01193329508225712,-0.01551883055344934,0,0,-71.59428698526423,-71.59428698526423,-26.122097201308023,0.11012224381661766
3.79,3.72,0.5443252859156866,0.14954286145295848,0.2939356543944708,0.02841314367606211,0.011219009557032245,-0.01551883055344934,0,0,113.79177037016639,164.74236126068,-1243.6722427636587,0.34693407368432255
4.33,4.46,0.4028587923848002,0.9544380576784413,0.21754374788779213,0.5153965511463583,0.018495457592888318,0.03167196079971549,0,0,-81.27614313227663,-81.27614313227662,-52.53012265335058,0.6786484250316207
4.87,5.0,0.45383047864608494,0.37738251435592335,0.23599184889596417,0.20756038289575784,-0.025791793763797144,-0.03722229240321639,0,0,18.394314076843816,12.81989536400612,-36.279185606607605,0.4156064965010041
5.39,5.55,0.68436706418786,1.394417185488539,0.3832455559452016,0.8087619675833526,-0.08757798085828837,-0.057734336310135956,0,0,-68.31397932817814,-71.3949204579761,41.075175359790215,1.0393921248381994
5.95,6.13,0.3143926922504467,0.2739306085514649,0.10374958844264741,0.09587571299301272,0.00028021257890076126,0.0001643357553422634,0,0,13.755050545790088,7.888654787752412,52.132384549730695,0.29416165040095577
6.28,6.13,0.1806930363465,0.2739306085514649,0.032524746542369996,0.09587571299301272,-0.006582727857935275,0.0001643357553422634,0,0,-41.01747599418899,-98.67716467663482,210.24155288212276,0.22731182244898246
6.46,6.48,0.17105002786681217,0.0908537155467382,0.058157009474716144,0.016353668798412876,3.075097538819639e-06,2.6542822784194134e-05,0,0,61.24105847043404,112.20765035332909,-158.46977093215799,0.1309518717067752
6.8,6.66,0.07300553298412128,0.24834744157896607,0.011680885277459406,0.08195465572105881,-6.222023164319419e-05,-0.0013056197398263686,0,0,-109.1272976907964,-150.10063421262552,-181.8048213413893,0.16067648728154368
6.96,6.99,0.6569343405717153,0.049018736869622555,0.22992701920010034,0.00882337263653206,-0.002628289756857004,-0.00014805244382100867,0,0,172.22549858566438,185.21741041988398,178.66942428280598,0.3529765387206689
7.31,7.17,0.16724349590899662,0.41730669132925563,0.08529418291358828,0.14188427505194692,-0.0004860919964201696,-0.0010078431021223293,0,0,-85.55747680167543,-49.81994564550113,-69.84923323793468,0.2922750936191261
7.82,8.02,2.039434842795727,0.13637890681021056,1.4887874352408805,0.017729257885327372,0.027051740538028876,4.956816947122508e-05,0,0,174.92820204212603,195.29264880602497,199.26840183245457,1.0879068748029688
8.9,8.78,0.10533123221431026,0.27007192706528094,0.022119558765005154,0.09722589374350113,0.0016226081340424599,-0.0030755326955695756,0,0,-87.76734600055711,-125.86375668254777,-646.7150399982214,0.1877015796397956
9.11,9.14,0.3461047296887274,0.18481071600875928,0.16959131754747642,0.03696214320175186,-0.008514562355025807,0.003781539658983507,0,0,60.760716225940335,128.4211592143174,519.5877055181322,0.26545772284874336
9.89,9.83,0.04787380418697839,0.30999046279480336,0.009574760837395679,0.09609704346638903,-0.003787272079547293,8.737625250823319e-05,0,0,-146.48942785962413,-163.7566107611063,209.44634731277375,0.17893213349089088
10.09,10.14,0.7200792020672948,0.12244214965286625,0.2520277207235532,0.02448842993057325,9.957331610677958e-05,-0.000639555736873337,0,0,141.86870188968945,164.57576908597426,-273.7604131374689,0.42126067586008054
10.44,10.34,0.1976284999101831,0.32192987839083537,0.03952569998203662,0.11267545743679237,-0.008420846077311157,-0.00058715984127692,0,0,-47.848859212750604,-96.12247199075017,173.92720002257937,0.25977918915050924
10.64,10.69,0.19762624515253496,0.06562135512142316,0.06719292335186189,0.013124271024284631,-9.007942394325129e-05,-5.2906092570909405e-05,0,0,100.28952962438113,134.6378014011783,51.995939558899856,0.13162380013697905
10.98,10.89,0.357283500887739,0.31892228192913785,0.06431103015979302,0.1052443530366155,-0.0003717742674989432,-0.001519566493231454,0,0,11.346019195162595,-48.28312980120058,-121.37339284003554,0.3381028914084384
11.16,11.22,0.7452779366033483,0.34969850245676753,0.38009174766770765,0.06294573044221816,0.002847872903860644,0.00034089412680606,0,0,72.25350610943381,143.16893395948762,157.2381270218055,0.5474882195300579
12.02,11.92,0.051406030597723536,0.3550790970949232,0.009253085507590237,0.12782847495417235,-0.013241314443537018,0.002002412680776418,0,0,-149.41410930380422,-172.99976604753843,271.2672011214223,0.20324256384632336
12.2,12.28,0.19700090540181148,0.19259540111902268,0.06895031689063401,0.03659312621261431,0.000135241177922209,-0.015597394354124595,0,0,2.2615739466992135,61.31539719879356,-203.49863764460326,0.19479815326041708
12.55,12.47,0.20727701994661982,0.09601324205778758,0.041455403989323965,0.034564767140803525,-0.007854921333626506,4.369350520796599e-05,0,0,73.37115089255016,18.128443401489836,202.23747181199872,0.1516451310022037
12.75,12.83,0.20726098945571278,0.04644461474570494,0.0746139562040566,0.009288922949140988,-0.0003407468451293507,0.0007263877362720518,0,0,126.77400266044985,155.71583219603025,-553.4343509265069,0.12685280210070887
13.11,13.03,0.10274108094850677,0.27241759897321177,0.020548216189701356,0.09534615964062412,0.001909951859802278,-0.005104394206271547,0,0,-90.45586686684692,-129.079505221945,-439.15934647101034,0.18757933996085926
13.31,13.38,0.23130068534998297,0.16494096824245777,0.08095523987249403,0.03133878396606698,-0.005527207895504471,0.003197086566958775,0,0,33.49456903679304,88.36882713858027,748.8274842673844,0.19812082679622037
13.66,13.57,0.15445942178090785,0.12805620020384426,0.030891884356181572,0.044819670071345484,0.0023452818039832197,-0.0022813511538380274,0,0,18.69151262615037,-36.791704569996455,14473.911800720773,0.14125781099237605
13.86,13.92,0.230294431736131,0.09968906569197533,0.08060305110764585,0.01993781313839507,7.179892737664323e-05,-0.009224219393342415,0,0,79.15872585271373,120.67777301136465,-203.13792084372153,0.16499174871405317
14.21,14.12,0.13257831401475112,0.28245319050870554,0.027841445943097735,0.09885861667804693,-0.016455781566630016,0.00013919064509776338,0,0,-72.22337333935276,-112.10281868179175,203.41224820226586,0.20751575226172833
14.42,14.47,0.13991803710334386,0.18165626441622323,0.04897131298617035,0.03814781552740688,5.6504920887668394e-05,-0.011108854691269116,0,0,-25.958683337349765,24.84757973003981,-202.0449921351238,0.16078715075978356
14.77,14.68,0.08320555253153873,0.19667773750373782,0.016641110506307746,0.06687043075127086,-0.0007841074489985137,-9.513803011407208e-06,0,0,-81.08535879930312,-120.29312233632102,195.20486479548646,0.13994164501763828
14.97,15.02,0.30215246076013424,0.10293262336046359,0.0997103120508443,0.02058652467209272,-0.0025478730925504794,0.0020730957052055767,0,0,98.35950283489625,131.54757769896543,1946.5833550320908,0.20254254206029892
15.3,15.22,0.1641673557966589,0.19656953809307434,0.034475144717298366,0.06290225218978379,0.0024017943518191264,-0.004560622027386937,0,0,-17.964440480168825,-58.38543311978377,-645.0182622728165,0.18036844694486662
15.51,15.54,0.050027311652719654,0.16850910050641707,0.018009832194979074,0.035386911106347584,-0.00623500349887048,0.0016415574918213233,0,0,-108.4320802040255,-65.08666198351004,342.9477990425637,0.10926820607956836
15.87,15.75,0.06805778743583453,0.21249927776526964,0.012250401738450215,0.07437474721784437,-0.004537924372560525,0.0005948400434978016,0,0,-102.96763706584898,-143.43258563569816,260.3426144466148,0.1402785326005521
16.05,16.1,0.6169276011359796,0.08663266363790706,0.2220939364089526,0.01559387945482327,-0.00025467699312458833,-0.003042796667839531,0,0,150.74613051619713,173.75737683792684,-169.10641062708285,0.3517801323869433
16.41,16.28,0.19379781546998712,0.6607070277002888,0.03294562862989781,0.23785452997210396,-0.012856698306004976,0.000125094321720998,0,0,-109.28181764260906,-151.33587986066377,203.9301983277336,0.42725242158513793
16.58,16.64,0.144895836668156,0.14532069036633097,0.07534583506744112,0.027610931169602882,0.010041144080658738,-0.0021356757913429973,0,0,-0.29278394481268044,92.72805594522093,308.06068474042803,0.14510826351724349
17.45,17.37,0.10723776256546497,0.5390822930542538,0.020375174887438344,0.19406962549953136,-2.7427600635412507e-05,-0.0007292675624381365,0,0,-133.63179023578903,-161.99455552072897,-185.50137388271023,0.3231600278098594
17.64,17.73,0.3104050088244953,0.14016541792630666,0.16761870476522747,0.026631429405998264,-0.0884595121426194,-0.00037491319018849705,0,0,75.56625148518388,145.1605436060632,198.31185629317048,0.22528521337540097
18.52,18.46,0.14223292523834338,0.11446924697718457,0.028446585047668678,0.040064236442014595,-0.015651273572509394,-2.9547884223222413e-05,0,0,21.63104271501711,-33.91479226707379,199.24626693047293,0.12835108610776397
18.72,18.81,0.13075146378400784,0.053554544600216906,0.04184046841088251,0.010175363474041212,-9.025991428133085e-05,-0.0005053304824012917,0,0,83.77037716845092,121.75179667180953,-139.38121582613198,0.09215300419211238
19.04,19.0,0.07455064684435632,0.3032286772096097,0.015655635837314826,0.10309775025126731,0.0015076385853913035,-0.0027837567706715735,0,0,-121.06434407860108,-147.26673031239122,-672.5702063591189,0.188889662026983
19.25,19.34,0.259298230366193,0.200572433227221,0.09334736293182948,0.042120210977716406,-0.005114536235470625,0.0022380938346245986,0,0,25.540136298362928,75.63013121991592,511.2308223472613,0.229935331796707
19.61,19.55,0.1285548004020799,0.05866594435848177,0.02442541207639518,0.021119739969053437,-0.0012784887778470614,-0.0034892108920816637,0,0,74.65930779516941,14.516021832765325,-92.73747372043051,0.09361037238028083
19.8,19.91,0.08200059844112113,0.05007387965938809,0.02788020346998119,0.009013298338689855,-0.00032867086382176725,-0.002476393561368803,0,0,48.34653786394171,102.27765978483,-153.13179107471828,0.0660372390502546
20.14,20.09,0.045059664552970856,0.6380095577854161,0.008561336265064463,0.21692324964704152,-0.009479592683884411,-2.8657657732616276e-05,0,0,-173.61341247452742,-184.8125560681976,198.794408783825,0.3415346111691935
20.33,20.43,0.20108959645006066,0.2153367256526221,0.07038135875752123,0.043067345130524425,9.8937446285325e-05,-0.008650943480710804,0,0,-6.842568995457673,48.15218277672178,-204.62756671999807,0.20821316105134138
20.68,20.63,0.13956017038595883,0.09442766300713332,0.02651643237333218,0.03493823531263933,-0.015160675844908673,0.0008422878484482944,0,0,38.576798395328815,-27.408179903736183,223.53024233332735,0.11699391669654607
20.87,21.0,0.21986314982842384,0.0475192795647779,0.07695210243994834,0.009503855912955581,-5.6417616943002557e-05,0.0018562500724686533,0,0,128.91188897846692,156.02914550244478,-212.5384152885554,0.13369121469660086
21.22,21.2,0.04511930357697711,0.3377974058405771,0.009475053751165193,0.11822909204420198,-0.00013945245782224277,-0.0057987249768958835,0,0,-152.8677621348966,-170.32186013334916,-190.6063798628232,0.19145835470877712
21.43,21.55,0.6739878826445941,0.10618812429641632,0.2358957589256079,0.022299506102247426,-0.0037203244747443494,-0.0006526155149399961,0,0,145.55683673853596,165.4532687114279,140.30418743641582,0.3900880034705052
21.78,21.76,0.10998623918812278,0.16139963289532946,0.02089738544574333,0.056489871513365306,-0.00021354727092450388,0.0005948085579714907,0,0,-37.88951378529894,-91.98539259875567,-424.04296284944996,0.1356929360417261
21.97,22.11,0.569435521158023,0.09425447124034228,0.19360807719372783,0.017908349535665034,-0.0037999474641169026,-0.0012738640084693827,0,0,143.193676373069,166.13341136180145,99.57340627636263,0.3318449961991826
22.31,22.3,0.5401170701039166,1.0945510443398312,0.3078667299592324,0.36120184463214433,0.0002282854507844271,-0.00012169518195024893,0,0,-67.83443921576458,-15.943093637445312,656.6840229648708,0.8173340572218739
23.07,23.19,0.17357763830315925,0.47898453857942974,0.03992285680972663,0.09579690771588595,-0.00015284271140653116,0.001006316875653591,0,0,-93.60239103506002,-82.33738262287503,-271.6331988989356,0.3262810884412945
23.3,23.39,0.08617930719220449,0.47050884682078387,0.016374068366518852,0.1976137156647292,-9.397394387465185e-05,-0.0011674055573803127,0,0,-138.07713954682515,-169.39251753898662,-170.19962865064613,0.27834407700649416
23.49,23.39,0.5966575706479381,0.47050884682078387,0.20883014972677832,0.1976137156647292,-0.0018113991091784666,-0.0011674055573803127,0,0,23.641809142827828,5.519302918372193,43.23838746648118,0.533583208734361
23.84,23.81,0.1756305735368197,0.29633237979173654,0.035126114707363945,0.10371633292710779,-0.0015736866994840414,-0.00042161083949870254,0,0,-51.14884776597729,-98.80295167414536,115.47910399094643,0.23598147666427813
24.04,24.16,0.2544386154063086,0.19889939082578692,0.08142035693001874,0.039779878165157385,4.6598747078497715e-05,-0.012484065777946893,0,0,24.502346512763914,68.71352804251892,-201.4986571449909,0.22666900311604776
24.36,24.36,0.17301433092565285,0.19958207946194703,0.03287272287587404,0.06586208622244252,-0.011402610094610004,0.00013445060574162736,0,0,-14.26087197601105,-66.82418014039783,204.77276190044878,0.18629820519379994
24.55,24.69,0.06362500566089485,0.16957053044306078,0.021632501924704253,0.03391410608861216,3.249841076880108e-05,-0.0025282021922847283,0,0,-90.86411048188911,-44.22089702025941,-205.20869680280103,0.11659776805197782
24.89,24.89,0.08469988673511017,0.25369111837544867,0.016939977347022035,0.08879189143140702,-0.005839894546036824,-0.0012350789646069275,0,0,-99.87926929980057,-135.91344769467253,130.1719525734565,0.16919550255527943
25.09,25.24,0.34616811056088115,0.15382316313431296,0.11423547648509079,0.030764632626862593,-0.0019273480947333927,0.00408392458492129,0,0,76.93932176257378,115.13211178866224,-557.4829093245781,0.24999563684759707
25.42,25.44,0.16665936066019613,0.1666053817380977,0.033331872132039225,0.056645829790953214,0.0035528281243584377,-0.003614869163159995,0,0,0.032394019067233805,-51.82163393963379,-23106.309713623094,0.16663237119914692
25.62,25.78,0.09310855254390277,0.13465326551638374,0.033519078915804995,0.026930653103276747,-0.0028954605828834584,0.0011502075212650401,0,0,-36.480840666177386,21.798031496478846,463.6196541488197,0.11388090903014325
25.98,25.98,0.10334760778664413,0.3501757516678964,0.02066952155732883,0.1260632706004427,-0.0020671408081753932,0.0001000448396858665,0,0,-108.84914249096947,-143.6539814900971,220.34366218800966,0.22676167972727027
26.18,26.34,0.28161893094253426,0.19461690151911426,0.09856662582988698,0.040869549319013994,0.00012357669758432822,-0.014765047277474765,0,0,36.537372240013596,82.75768673267105,-203.37607337760335,0.23811791623082426
26.53,26.55,0.19546708215871128,0.04743537006188218,0.03909341643174226,0.016602379521658762,-0.013451388299751194,5.364888342375201e-05,0,0,121.8857288129748,80.76385847470809,201.60172941887112,0.12145122611029673
26.73,26.9,0.05215985060739199,0.04438643822076612,0.017212750700439358,0.008877287644153225,3.862786584100665e-05,-0.00035688171508452705,0,0,16.102975020534863,63.897668115261624,-248.54975477320875,0.04827314441407905
27.06,27.1,1.9245040536713374,0.35077514710635893,1.0392321889825222,0.11926355001616204,-0.0013160023074630933,-0.0028743679748180493,0,0,138.33281700347578,158.82123826566874,-74.37842302120455,1.137639600388848
27.6,27.44,0.9943183167282241,0.6542672099907277,0.5866478068696522,0.353304293394993,-0.0016063647427216254,-0.011135186182758772,0,0,41.25368095573094,49.650086086080556,-149.57082533777776,0.8242927633594759
28.76,28.77,0.12181784752861623,0.07185724522189037,0.023145391030437085,0.026587180732099435,-0.0009039239500790509,0.0004786070954501745,0,0,51.59218110827023,-13.84118930384793,650.1181556680119,0.0968375463752533
28.95,28.77,0.34679735205086926,0.07185724522189037,0.11444312617678686,0.026587180732099435,-0.003623549386487658,0.0004786070954501745,0,0,131.34460178869188,124.59158229223371,260.8732435967576,0.2093272986363798
29.28,29.33,0.0463674847039395,0.7215616798595147,0.0092734969407879,0.23811535435363987,-0.00019100221473695696,-0.0014342332762203077,0,0,-175.84804076021877,-185.00579651465193,-152.99088266292867,0.3839645822817271
29.48,29.33,0.5294743605763566,0.7215616798595147,0.18531602620172477,0.23811535435363987,-0.007352100412051535,-0.0014342332762203077,0,0,-30.708518871484046,-24.938788467998986,134.70617770254964,0.6255180202179356
29.83,29.86,0.13928502332191803,0.3549295197684646,0.026464154431164427,0.12422533191896261,0.002372153983149409,9.91315830060624e-05,0,0,-87.26756404135571,-129.75182257991122,183.9546535028278,0.2471072715451913
30.02,29.86,0.312546890936935,0.3549295197684646,0.10939141182792725,0.12422533191896261,9.393895477179408e-05,9.91315830060624e-05,0,0,-12.699363798261865,-12.699363798261865,-5.378995981502745,0.3337382053526998
30.37,30.4,0.14616974724640402,0.6413031450675843,0.027772251976816764,0.23086913222433034,-0.012652589112681314,0.00014005382133444946,0,0,-125.7524932359846,-157.04902049980043,204.47723240968773,0.3937364461569942
30.56,30.4,0.14303276242314505,0.6413031450675843,0.05006146684810077,0.23086913222433034,0.002041493488229802,0.00014005382133444946,0,0,-127.05535418836568,-128.72052099217052,174.32027795676376,0.39216795374536473
30.91,30.95,0.11466871243109339,0.2568901738205204,0.021787055361907743,0.09248046257538733,-0.0015010819963412556,-0.0025290965967129974,0,0,-76.55392814000248,-123.73316317638577,-51.015833498964895,0.18577944312580688
31.1,30.95,0.21674741523941346,0.2568901738205204,0.07152664702900645,0.09248046257538733,-0.0018261659300523227,-0.0025290965967129974,0,0,-16.950833087712248,-25.55232586797509,-32.27960024640561,0.2368187945299669
31.43,31.5,0.11462104692074832,0.15944388912465426,0.02177799891494218,0.05580536119362899,-0.002746916644173897,-0.003922093342409209,0,0,-32.709651114566825,-87.7181968686803,-35.24291313402033,0.1370324680227013
31.62,31.5,0.13984215267010072,0.15944388912465426,0.04614791038113324,0.05580536119362899,-0.00019135680746601403,-0.003922093342409209,0,0,-13.098998093600411,-18.944857116064096,-181.39208688630214,0.1496430208973775
31.95,32.04,0.09135343555693883,0.27996831193405003,0.01918422146695715,0.09238954293823652,-0.0003361813975107826,-0.0008114222985984832,0,0,-101.59107439926528,-131.22318111527608,-82.82317366158986,0.18566087374549442
32.16,32.04,0.31944828200443187,0.27996831193405003,0.11819586434163978,0.09238954293823652,0.000815101098465248,-0.0008114222985984832,0,0,13.172798507621453,24.50912599951016,88426.84875348229,0.29970829696924095
32.53,32.58,0.137096825654115,0.09658851057350551,0.024677428617740697,0.03573774891219704,-0.015291600264099689,0.0017741065682697447,0,0,34.669111664886394,-36.61437654131062,252.49809197446254,0.11684266811381025
32.71,32.58,0.15009927248911303,0.09658851057350551,0.08405559259390331,0.03573774891219704,0.018868184487771646,0.0017741065682697447,0,0,43.38339033354116,80.66866334010014,165.6219057573938,0.12334389153130927
33.27,33.14,0.7334779568902163,0.8306906301432145,0.3887433171518147,0.46518675288020017,-0.0034410582172067546,-0.0028314392363057907,0,0,-12.429948288038403,-17.903910029897297,19.437839087828802,0.7820842935167154
33.8,33.7,0.13396391109368924,0.4348847339784666,0.045547729771854346,0.23918660368815667,-0.007672792447664127,-0.058218620844316435,0,0,-105.79996119938265,-136.01371605823402,-153.421594321165,0.2844243225360779
34.14,34.25,0.14300665254269462,0.31137956631931607,0.028601330508538927,0.10898284821176062,-0.005589061286978016,0.001614385242187752,0,0,-74.11004418149108,-116.84703641198824,362.4671016198946,0.22719310943100535
34.34,34.25,0.22597872692218124,0.31137956631931607,0.07909255442276343,0.10898284821176062,0.00013991182540692678,0.001614385242187752,0,0,-31.785436447615908,-31.785436447615908,-168.09848731064454,0.26867914662074865
34.69,34.6,0.2751050127482764,0.21491114349648707,0.055021002549655286,0.042982228699297416,-0.01874137492079891,-0.010873291713920968,0,0,24.56811616706061,24.56811616706061,53.136395583487655,0.24500807812238173
34.89,34.8,0.04684648796835048,0.05892102313143782,0.016396270788922668,0.021211568327317614,1.7450756693963582e-05,0.0005152480349443815,0,0,-22.832219530429146,-25.607945851457043,-186.89634219721594,0.05288375554989415
35.24,35.16,0.06444601189252352,0.06688839833029091,0.010955822021729001,0.013377679666058183,-0.0003790742556492497,0.0019062900004220354,0,0,-3.7193397124542904,-19.905541548462754,-299.28505699255925,0.06566720511140722
35.41,35.36,0.30690287578964365,0.27741981666808085,0.09820892025268596,0.09987113400050911,-0.0042483957229317556,-0.005495390531112094,0,0,10.091362016954657,-1.6783252146108845,-25.59569300204656,0.29216134622886225
35.73,35.72,0.1677454717226358,0.20971181491547997,0.03354909434452716,0.041942362983096,0.0050843039403073425,0.0031807036505812868,0,0,-22.236340205072835,-22.236340205072842,46.06409053573262,0.18872864331905786
35.93,35.92,0.09816222962851844,0.550966071458013,0.03533840266626664,0.2865023571581668,-0.0028868611984965787,-0.03401379507088577,0,0,-139.511354248945,-156.07964300662974,-168.70666822376384,0.3245641505432657
36.29,36.44,0.13008214248755684,0.29088235450497174,0.027317249922386933,0.10471764762178982,-0.008823596605333113,7.69398125846036e-05,0,0,-76.39609191093797,-117.24233386632648,203.5185929622112,0.2104822484962643
36.5,36.44,0.22720701034631063,0.29088235450497174,0.07952245362120872,0.10471764762178982,4.175511887549114e-05,7.69398125846036e-05,0,0,-24.580834303340364,-27.350390963312144,-59.28592447259058,0.25904468242564116
36.85,36.8,0.15372756540264498,0.166606796574946,0.029208237426502547,0.03498742728073866,-0.01213508508441043,-0.003571269528827136,0,0,-8.0411174703774,-18.00492254606791,109.0490539207051,0.1601671809887955
37.04,37.01,0.2851610221553302,0.19808764227822143,0.1539869519638783,0.06933067479737749,0.01135468790574078,-0.0008258219145848615,0,0,36.03667688525258,75.81692354003481,231.37363189078633,0.24162433221677582
37.58,37.55,0.8459909233092442,0.3421965798312578,0.3045567323913279,0.1882081189071918,-0.004486816880834207,-0.03669061482743128,0,0,84.80047840032083,47.222772962615984,-156.41479621533972,0.594093751570251
37.94,38.1,0.20069486448031523,0.6359932037731135,0.042145921540866195,0.235317485396052,0.002309821781047057,-0.00028139034228050197,0,0,-104.05271828519693,-139.2411100171517,255.4892488654404,0.4183440341267144
38.15,38.1,0.27047587538119877,0.6359932037731135,0.09737131513723156,0.235317485396052,-0.00038940515751428124,-0.00028139034228050197,0,0,-80.64639749938807,-82.92805170339345,32.20499101941629,0.45323453957715615
38.51,38.47,0.12313481981882804,0.1933995244689634,0.02339561576557733,0.03867990489379269,-0.013068891503024956,-0.017221424389748635,0,0,-44.39625962751837,-49.24417537175587,-27.418221067244506,0.15826717214389574
38.7,38.67,0.17213761985653625,0.05931418055823833,0.06196954314835305,0.021353105000965798,3.534943184394391e-05,0.0017998318563921104,0,0,97.491952187118,97.491952187118,-192.29516297478793,0.1157259002073873
39.06,39.03,0.16027729750959258,0.06105488284887772,0.032055459501918515,0.011600427741286768,-0.003302822381517736,0.00014470795221897727,0,0,89.65927548358663,93.71030141560311,218.32839885426304,0.11066609017923515
39.26,39.22,0.2480015699390021,0.3208315570008095,0.08680054947865073,0.11870767609029952,-0.0009913134374131879,-0.004953245701179507,0,0,-25.606802280878263,-31.051921667187564,-133.29608374303297,0.2844165634699058
39.61,39.59,0.08139679307379917,0.1978702960189921,0.015465390684021843,0.03957405920379842,0.001997766751479885,0.002343996925032203,0,0,-83.41369785001241,-87.60504899272844,-15.94882629956766,0.13963354454639562
39.8,39.79,0.17194651766314317,0.12782620085674373,0.06190074635873154,0.04601743230842774,-0.007774848766925435,-0.003995490320858227,0,0,29.43584527921109,29.435845279211094,64.21834439739757,0.14988635925994345
40.16,40.15,0.17213268732456327,0.10025020170914262,0.03270521059166702,0.02105254235891995,0.0011458763929188386,-0.009920455640232065,0,0,52.78047080741962,43.35251231002146,-252.23618640265653,0.13619144451685294
40.35,40.36,0.2924379892026535,0.3189569043508583,0.10527767611295526,0.11801405460981755,9.986903903726543e-05,0.002077239793631902,0,0,-8.674889315503815,-11.407837142590028,-181.65107089941395,0.3056974467767559
40.71,40.73,0.10610136491605181,0.18673499653031844,0.02228128663237088,0.035479649340760505,-0.0014560231438979728,-0.009525487865051058,0,0,-55.070778243523414,-45.699961352873856,-146.96456097120213,0.14641818072318513
40.92,40.92,0.44721194898692646,0.17756610983111176,0.15652418214542424,0.06569946063751135,0.0002604152254225209,-2.859380346398701e-05,0,0,86.31732031881322,81.74172682123566,249.33763794978637,0.31238902940901914
41.27,41.29,0.06792195850294984,0.008028409274513194,0.013584391700589967,0.001605681854902639,-0.00027263538032372674,-0.00027991748938387996,0,0,157.717601589308,157.71760158930795,-2.635805353434026,0.037975183888731515
41.47,41.49,0.3460441529157681,0.7376184354778833,0.12111545352051883,0.2729188211268168,-0.005808370789205054,-0.004947832171212042,0,0,-72.26867232586825,-77.05084424047294,16.000788031981177,0.5418312941968257
41.82,41.86,0.1604269272717005,0.15495894811943822,0.0320853854543401,0.030991789623887645,0.002605733708985751,0.001609941892519163,0,0,3.467485121507697,3.4674851215077034,47.24233601423743,0.15769293769556936
42.02,42.06,0.06527045602391154,0.3114806553678729,0.02284465960836904,0.10901822937875551,-0.004284167371781721,0.0005874172589958719,0,0,-130.70177732690308,-130.70177732690306,263.5603966807697,0.1883755556958922
42.37,42.41,0.11557502013216989,0.15374846064156314,0.024270754227755674,0.03074969212831263,-0.00530921965356115,-0.007545963846412653,0,0,-28.347651233175572,-23.551019047094236,-34.79910174531637,0.1346617403868665
42.58,42.61,0.3102906746109304,0.18600679820332444,0.11170464285993494,0.06510237937116355,0.0019095993388726085,-2.263443851994052e-05,0,0,50.08442847909511,52.71539885769825,204.79806243681804,0.24814873640712742
42.94,42.96,0.18140940716536186,0.12968342854903878,0.03809597550472599,0.02723351999529814,-0.006899065496025598,-0.0033807813215506986,0,0,33.25436826440466,33.25436826440466,68.45012842913964,0.1555464178572003
43.15,43.17,0.12124620860221683,0.29871904169375885,0.04122371092475372,0.10753885500975319,-5.194829074659825e-05,-0.0030778996030888287,0,0,-84.51786568839488,-89.15568734434828,-193.36091816488386,0.20998262514798782
43.49,43.53,0.03067036918096542,0.1572436933959109,0.006440777528002738,0.03302117561314129,0.0008612427224890598,0.0022014230196983724,0,0,-134.71405224200706,-134.71405224200703,-87.5172421690473,0.09395703128843816
43.7,43.74,0.30242522254227505,0.1845878592679922,0.10584882788979626,0.06460575074379726,-0.0037619214229746498,-0.003170478175033397,0,0,48.39186776514166,48.391867765141654,17.063160874661577,0.24350654090513363
44.05,44.09,0.18591257855178114,0.11739806349172108,0.03718251571035623,0.023479612698344216,0.002056995244679812,-3.681038658210484e-05,0,0,45.17778512382919,45.17778512382919,207.28851846098223,0.1516553210217511
44.25,44.29,0.19208861703369842,0.33280746323401883,0.06915190213213143,0.11648261213190658,-0.000649865379920673,0.0013305834052853589,0,0,-53.617792736630214,-50.99343749455354,-581.870528298419,0.26244804013385864
44.61,44.64,0.14492220906240105,0.2049559268156869,0.027535219721856203,0.043040744631294245,-0.009485314095381779,-0.011917313298514748,0,0,-34.31693015204819,-43.93995902585464,-22.726174299763894,0.17493906793904396
44.8,44.85,0.4732555031682942,0.07762180589684392,0.2602905267425618,0.027943850122863812,0.01766154726593873,0.0011467813544588754,0,0,143.63768148042155,161.22065601368487,175.61120123740943,0.27543865453256905
45.35,45.4,0.1713465466214477,0.7613458653314584,0.06339822224993565,0.4263536845856168,-0.000832211477916335,-0.015474900404124088,0,0,-126.51530368401909,-148.22013238533583,-179.58653907727518,0.46634620597645304
45.91,45.96,0.45594721158067164,0.20006988431890269,0.23709255002194926,0.074025857197994,-0.019488876799889556,-0.0021014304293126085,0,0,78.00934727498004,104.82612988480379,161.06715097652156,0.3280085479497872
46.43,46.51,0.6845678515444005,0.544279085651559,0.36282096131853225,0.29935349710835746,-0.020655852225459778,0.013363881196532729,0,0,22.832585840667665,19.16940872680374,933.0737406124395,0.6144234685979797
46.96,47.06,0.19504683562943362,0.5290338123266837,0.0702168608265961,0.29096859677967607,0.0019302176354445682,0.008279211512881947,0,0,-92.25131969484463,-122.23733337222072,-124.37510041348547,0.36204032397805863
47.5,47.61,0.27344403903788944,0.24898047680237692,0.09297097327288242,0.08714316688083192,-0.0013159805206268689,-0.007283184241998655,0,0,9.365395954347733,6.4712369468348205,-138.7856585166734,0.2612122579201332
47.84,47.96,0.10342401232544111,0.15777045231961026,0.0186163222185794,0.028398681417529846,0.0023564932047154593,0.0018036921158661023,0,0,-41.61377620924924,-41.61377620924924,26.57579152132962,0.13059723232252568
48.02,47.96,0.1578840339070888,0.15777045231961026,0.058417092545622856,0.028398681417529846,-0.00430012128979252,0.0018036921158661023,0,0,0.07196576791052903,69.15427867021897,489.00353107622607,0.15782724311334953
48.39,48.47,0.12723764553178124,0.11881463641504138,0.021630399740402814,0.021386634554707448,-0.0007248085225986462,-0.01034260548954945,0,0,6.846519812858524,1.1333425917884534,-173.80387064934726,0.1230261409734113
48.56,48.65,0.5827229523559142,0.20270587669503637,0.20978026284812912,0.07500117437716346,-0.0002674211061599735,0.002085154598858853,0,0,96.76677544929439,94.6544056973355,-258.847153828457,0.3927144145254753
48.92,49.02,0.18587975026335762,0.10549094971281771,0.03531715255003795,0.018988370948307187,-0.011881486256576859,-0.0005371132987818396,0,0,55.179742202708184,60.1367247743348,182.69971436352267,0.14568534998808766
49.11,49.02,0.09536244858789136,0.10549094971281771,0.03337685700576198,0.018988370948307187,4.688828405413842e-05,-0.0005371132987818396,0,0,-10.08546652495507,54.95435280096665,-238.25858138241503,0.10042669915035454
49.46,49.55,0.1343221147445021,0.12611232419020194,0.026864422948900422,0.025222464838040387,-0.0018733731478387866,0.0017693364093791172,0,0,6.304688878999225,6.30468887899924,7002.736939182361,0.130217219467352
49.66,49.75,0.6894226858412482,0.2043330179542767,0.3584997966374491,0.06538656574536854,-0.006527915945963851,-0.004158199230970991,0,0,108.550841315347,138.29802367048833,44.35132273527636,0.44687785189776247
50.18,50.27,0.1927025838890189,0.48307414769092116,0.0674459043611566,0.26569078123000667,-0.005547644149843214,-7.67942258111656e-05,0,0,-85.93712989289367,-119.01713947658287,194.5385319790454,0.33788836578997006
50.73,50.82,0.24012016040883233,0.6108732668528576,0.081640854539003,0.2199143760670287,0.001338807086438052,0.0014503649100273408,0,0,-87.13418801295032,-91.70692960632066,-7.999350612343847,0.42549671363084496
51.07,51.18,0.1733983423412111,0.09869713886667897,0.03641365189165433,0.019739427773335795,-0.018143819390042566,-0.00129702976039527,0,0,54.90808090080548,59.38845818536449,173.31331053785667,0.13604774060394503
51.28,51.18,0.11886063485115671,0.09869713886667897,0.041601222197904845,0.019739427773335795,8.411014276142256e-05,-0.00129702976039527,0,0,18.536222024986376,71.27995687955338,-227.73807646891024,0.10877888685891784
51.63,51.73,0.07404760315884236,0.16679773719136937,0.014069044600180049,0.03502752481018757,-0.0008139798478401785,0.00504080266098766,0,0,-77.02049281722421,-85.37655669922128,-277.0299474402668,0.12042267017510586
51.82,51.73,0.2996564760958547,0.16679773719136937,0.11087289615546625,0.03502752481018757,-0.005848543528780342,0.00504080266098766,0,0,56.96539343838071,103.96868061557318,2696.2474288382564,0.23322710664361204
52.19,52.28,0.11141986823913562,0.10838248432971272,0.02116977496543577,0.01950884717934829,-0.0003199418960928653,0.0010989575193346372,0,0,2.763741037277122,8.166096581029104,-364.28009223305116,0.10990117628442417
52.38,52.46,0.30504621107063823,0.4575420982040412,0.10066524965331061,0.24707273303018226,-0.0002782626029975907,0.012503111899045632,0,0,-39.99428925902269,-84.20563221023231,-209.1048190864012,0.38129415463733973
52.89,53.0,0.2231070139397119,0.39337731888299565,0.08031852501829628,0.13768206160904847,0.0016633657067067842,-0.0002664325947323923,0,0,-55.239134517389644,-52.6269561731141,276.29072357110147,0.30824216641135377
53.25,53.35,0.19364204525310671,0.046968166067831586,0.038728409050621346,0.009393633213566318,-0.010172177259747457,-0.0014669153687426658,0,0,121.91824975344372,121.91824975344372,149.58660728751462,0.12030510566046915
53.45,53.55,0.09688063142278845,0.25406377609971753,0.031001802055292304,0.08892232163490113,-4.4716740652449294e-05,-0.007421567215441812,0,0,-89.57723292219663,-96.59527674221422,-197.60433753040158,0.175472203761253
53.77,53.9,0.041457420636282015,0.12279191317752067,0.008706058333619223,0.024558382635504136,-5.400385776587304e-05,-0.0014658689689150731,0,0,-99.03783553051306,-95.3109316738515,-185.78726935100087,0.08212466690690134
53.98,53.9,0.29160682999455634,0.12279191317752067,0.10206239049809471,0.024558382635504136,-0.005205896318568218,-0.0014658689689150731,0,0,81.47462780645361,122.41910382400732,112.11507565080875,0.20719937158603852
54.33,54.42,0.1726139751572298,0.10290668119033733,0.03452279503144596,0.020581336238067467,0.0022617224231006143,-0.006517095719542725,0,0,50.60041224564829,50.60041224564829,-412.5992025180611,0.13776032817378356
54.53,54.62,0.1442933434306525,0.2300555330755556,0.0519456036350349,0.07591832591493335,-0.0013980887237911462,6.155172460362793e-05,0,0,-45.81939203094194,-37.49724001799912,218.42125572013205,0.18717443825310404
54.89,54.95,0.17586625579509166,0.17023971203680058,0.035173251159018336,0.034047942407360116,-0.011909276056276539,-0.009640936805694124,0,0,3.251341659051634,3.2513416590516457,21.05166445557779,0.17305298391594612
55.09,55.15,0.47113076224996797,0.14533925383969454,0.24969930399248305,0.05232213138229003,0.012871520159932598,-2.4751674331122348e-06,0,0,105.69581647354237,130.70408222202582,200.07693398957127,0.3082350080448313
55.62,55.71,0.11715646799676846,0.6113342132420341,0.03983319911890128,0.3362338172831188,3.5606615280539284e-05,-0.022758976677997467,0,0,-135.6716723966636,-157.63180775596751,-200.6267840585664,0.3642453406194013
56.15,56.26,0.7529706360536692,0.18629519395925379,0.2710694289793209,0.06706626982533136,-0.00533900650591568,0.00048171852859287597,0,0,120.66348502992359,120.66348502992356,239.66975240849402,0.4696329150064615
56.51,56.62,0.19971582686276812,0.0812408172714614,0.03794600710392594,0.01624816345429228,0.00318768530292323,-0.0011832130302318537,0,0,84.33686269024786,80.07445607576814,436.11462155935345,0.14047832206711475
56.7,56.62,0.18969671187957338,0.0812408172714614,0.06639384915785068,0.01624816345429228,-0.0009956816050304303,-0.0011832130302318537,0,0,80.05970597572917,121.35640001630424,-17.213445952502372,0.13546876457551738
57.05,57.18,0.06787017341052162,0.1465657727847916,0.013574034682104325,0.02931315455695832,-0.0019069637477998388,-0.003232866959905891,0,0,-73.39776821055197,-73.39776821055199,-51.59326396171895,0.10721797309765661
57.25,57.18,0.6664337938720681,0.1465657727847916,0.2399161657939445,0.02931315455695832,0.0018555199320348242,-0.003232866959905891,0,0,127.8888802425883,156.4487931422139,-738.8678073100745,0.40649978332842984
57.8,57.92,0.27153607389233875,0.46797442374187287,0.08960690438447179,0.17315053678449296,-0.0015980816205895783,-0.0032875491505713825,0,0,-53.126588595554885,-63.58992691384819,-69.1606717378006,0.3697552488171058
58.13,58.29,0.0813803373719033,0.14247889704144817,0.015462264100661626,0.02564620146746067,0.0018117976376398007,-0.0012970250095919143,0,0,-54.586588603021525,-49.54666746158589,1207.8430273268214,0.11192961720667574
58.32,58.29,0.17242848357000617,0.14247889704144817,0.06379853892090229,0.02564620146746067,-0.005865977508287567,-0.0012970250095919143,0,0,19.021203295016466,85.3092921680733,127.57087512648913,0.15745369030572717
58.69,58.83,0.1586317112920046,0.15923195748436292,0.03172634225840092,0.030254071922028957,0.002879066709071596,-0.015236533679930993,0,0,-0.3776752433953845,4.750759916144062,-293.19277861266653,0.15893183438818376
58.89,58.83,0.42367319128781833,0.15923195748436292,0.2372569871211783,0.030254071922028957,0.006680439232017685,-0.015236533679930993,0,0,90.73216606868843,154.7621365184122,-512.312552073192,0.2914525743860906
59.45,59.39,0.5631966628466906,0.03785360221700247,0.3153901311941467,0.007570720443400495,0.030630687322244388,-0.0014110929305739834,0,0,174.8083616846979,190.62335833583077,219.31707759743907,0.30052513253184654
60.01,60.16,0.769028168740038,0.33472607790438325,0.2691598590590133,0.19079386440549845,-0.008636250525576379,-0.0238400622219197,0,0,78.69543282048488,34.07559963347542,-93.63015939988775,0.5518771233222106
60.56,60.73,0.1122572800548289,0.8453549643090393,0.041535193620286695,0.30432778715125414,-0.0033514749196327923,0.0019044477439705935,0,0,-153.1095051402981,-151.96341218406062,726.4442233019063,0.47880612218193414
60.93,61.09,0.13708873073609135,0.1894183640542501,0.026046858839857356,0.037883672810850026,-0.004717831921214309,-0.006665500175438911,0,0,-32.05420902217206,-37.03023787027023,-34.219650936780276,0.16325354739517073
61.12,61.09,0.3081647428769043,0.1894183640542501,0.11093930743568554,0.037883672810850026,4.1126755139187995e-05,-0.006665500175438911,0,0,47.7292645865825,98.17789497806562,-202.48335970995592,0.24879155346557721
61.48,61.66,0.1320980033416072,0.054118259703379676,0.02509862063490537,0.010282469343642138,5.086265290490965e-05,0.001558018714412913,0,0,83.75180810001419,83.75180810001419,-187.35452993909595,0.09310813152249345
61.67,61.66,0.6337432574806219,0.054118259703379676,0.3548962241891483,0.010282469343642138,0.03540357654551374,0.001558018714412913,0,0,168.52956105180505,188.73705446046912,183.1390533503071,0.3439307585920008
62.23,62.21,0.2497755908906908,0.13173991963641157,0.08242594499392797,0.0250305847309182,-0.002889389357248634,-0.0021860698669005606,0,0,61.87725950706485,106.82526303422729,27.71451643239126,0.19075775526355118
62.56,62.4,0.14303184111757553,1.3349134422107316,0.02717604981233935,0.760900662060117,0.002416545053866518,-0.057332453266900466,0,0,-161.28900231124382,-186.20639366552552,-217.60178522035596,0.7389726416641536
63.08,62.97,0.1535640361285704,0.3140255317978774,0.03224844758699978,0.11304919144723587,-0.013679108336261335,0.0019091349461702752,0,0,-68.63347973346904,-111.22100041996895,264.8815382293912,0.2337947839632239
63.29,63.33,0.4455527258572413,0.04712755719285762,0.23614294470433791,0.009425511438571524,0.018514500846816988,-0.002070443269315011,0,0,161.7378175549474,184.64703229948014,250.36331840987228,0.24634014152504946
63.82,63.85,0.09912414268291833,0.1869011186934401,0.03271096708536305,0.03738022373868802,-3.280750881584269e-05,0.0022483919342419726,0,0,-61.37707948461436,-13.323376585357597,-205.9230437692814,0.1430126306881792
64.15,64.05,0.05668998348076653,0.46144754532003057,0.011337996696153306,0.2399527235664159,0.002057702451654417,-0.0480268124304119,0,0,-156.23557041932662,-181.9523829860387,-217.90508846140625,0.25906876440039855
64.7,64.57,0.15640468486771728,0.2785583722769906,0.029716890124866283,0.0947098465741768,0.0014815550139814816,2.9793185556615392e-05,0,0,-56.1673849780001,-104.46783090761612,192.11480569051636,0.21748152857235392
64.89,64.91,0.24135018128190514,0.1277463559508088,0.09171306888712395,0.025549271190161763,0.0004597819538864501,-0.013354945126831299,0,0,61.55778441208705,112.84747968248749,-214.26215233479516,0.18454826861635698
65.27,65.11,0.18100460229128368,0.14139422533704282,0.0343908744353439,0.05231586337470585,-0.011422906500393628,2.6408097621904276e-05,0,0,24.572283494718654,-41.346242269269986,200.92688461626008,0.16119941381416325
65.46,65.48,0.23065830891982686,0.020365151632868846,0.08073040812193939,0.003869378810245081,3.571401545824065e-05,0.0005531424178170318,0,0,167.5486082646945,181.7050186504758,-175.7400864182829,0.12551173027634785
65.81,65.67,0.1231833593854401,0.29375706344689356,0.022173004689379217,0.11162768410981956,-0.006230566618200286,-0.005381191215995345,0,0,-81.82161993443707,-133.71333170741647,14.629574855645076,0.20847021141616684
65.99,66.05,0.5504147527399047,0.16998228808962862,0.31373640906174566,0.030596811856133152,0.005174484311051275,0.003120137363644457,0,0,105.6174423515705,164.45674132217374,49.534433949506855,0.36019852041476663
66.56,66.58,0.27234274060597047,0.15414001989656873,0.09531995921208966,0.030828003979313748,-0.005416955733835881,-0.006270714702050906,0,0,55.4314179406077,102.24811182234107,-14.609566087585309,0.2132413802512696
66.91,66.78,0.1698796358008799,0.7184119764881856,0.03057833444415838,0.40949482659826575,0.0011331976522730852,0.012127368283164162,0,0,-123.50276262854182,-172.20613556916229,-165.817517659793,0.4441458061445327
67.64,67.71,0.17326400543014464,0.03230400546209786,0.06064240190055062,0.0061377610377985935,0.0016477741776899524,0.0006265882781469759,0,0,137.14196032371706,163.23602238907435,89.79974998463442,0.10278400544612125
67.99,67.9,0.09741471713011363,0.6755691915289233,0.01850879625472159,0.3783187472561971,-0.0013646959631585485,-0.036339080428759996,0,0,-149.59030011421194,-181.34323430176687,-185.52191749735644,0.38649195432951844
68.54,68.46,0.14322973808595238,0.21492713765405036,0.028645947617190477,0.07522449817891762,0.0023059817902348536,0.0003470347659254775,0,0,-40.03686899488444,-89.6858585803285,147.67695435301232,0.17907843787000138
68.74,68.81,0.4702103770712395,0.12586215291570013,0.2539136036184694,0.023913809053983028,-0.04725786046249711,-0.007327669490571924,0,0,115.53903487653903,165.5702670604697,146.30320895026918,0.2980362649934698
69.28,69.37,0.3367803455860914,0.12463940152399061,0.11450531749927108,0.024927880304798124,7.73485867562795e-05,-0.00451886706574044,0,0,91.95139366737584,128.48796212842612,-206.96595879290095,0.230709873555041
69.62,69.57,0.18789823407308978,0.7577038430136518,0.039458629155348854,0.42431415208764506,-0.009444382055789282,0.006374827918460075,0,0,-120.51699604891895,-165.96727470759046,1030.7171182856878,0.4728010385433708
70.19,70.13,0.06340246369652974,0.2979384249456626,0.011412443465375352,0.10725783298043852,-0.0008163000759425511,-0.003106272463411602,0,0,-129.81423836668287,-161.53225961149116,-116.75870182102953,0.18067044432109616
70.37,70.49,0.31546110580351244,0.17616868470645317,0.1167206091472996,0.036995423788355165,-0.0026581109133439014,-0.0002497144343818693,0,0,56.6655738874456,103.73047474145685,165.64932146599898,0.2458148952549828
70.74,70.7,0.15093276588410956,0.26321696979523435,0.030186553176821916,0.09475810912628435,0.0024949819710327024,7.016685209376098e-05,0,0,-54.22396502411921,-103.36024726341127,189.0584356804312,0.20707486783967194
70.94,71.06,0.1960572179694241,0.1971840996375758,0.06862002628929843,0.03943681992751516,-0.0009325033510975418,-0.01537607661255748,0,0,-0.5731247545446826,54.01454398035611,-177.1285212280726,0.19662065880349994
71.29,71.26,0.14142885309897604,0.11026761072435902,0.029700059150784965,0.039696339860769245,-0.004566355783977086,0.00010270359022324647,0,0,24.760969543448972,-28.80922022573517,209.20354774657068,0.12584823191166752
71.5,71.62,0.23312832403608252,0.0646305192680344,0.08159491341262888,0.01292610385360688,0.0018209456274821496,-0.00022254376864059688,0,0,113.17736386821758,145.29849877853883,255.69156902805062,0.14887942165205847
71.85,71.82,0.18130012418770053,0.33566217975076645,0.03626002483754011,0.11748176291276825,-0.0066972657341659615,-0.0014734295723703571,0,0,-59.718882551807624,-105.65993704605565,127.86760406098333,0.2584811519692335
72.05,72.17,0.17357168132603373,0.19472471196440017,0.062485805277372145,0.04089218951252403,9.523231603242657e-07,-0.00017599160199938298,0,0,-11.4869605153507,41.77603910529439,-202.1762501917067,0.18414819664521695
72.41,72.38,0.037435189302380455,0.1790456074101888,0.007112685967452286,0.06445641866766796,0.0010922769769353604,-0.0032243323574240547,0,0,-130.82954262758975,-160.24717087790998,-404.92469134361727,0.10824039835628463
72.6,72.74,0.7097015098049174,0.16118353276569566,0.41872389078490124,0.032236706553139136,-0.020864991882578635,-0.006625514083199853,0,0,125.96794071009593,171.40618781913267,103.59560363934206,0.4354425212853065
73.19,73.31,0.2794892732443774,0.17814662978784918,0.09782124563553209,0.033847859659691344,-0.00022236645571798992,-0.01087068135285887,0,0,44.28963845932853,97.17296374483908,-191.9817723837425,0.22881795151611328
73.54,73.5,0.15230029557839056,0.4442035889872679,0.031983062071462016,0.26208011750248805,-0.005125367237564023,0.01575732568402116,0,0,-97.87138054312096,-156.49497891194636,-392.8287159275698,0.29825194228282925
74.13,74.09,0.15614380428864294,0.3896403119970058,0.02966732281484216,0.13637410919895201,-0.00508889649843,-0.0032837808298564314,0,0,-85.56368745115955,-128.5303132958345,43.11919826350235,0.27289205814282436
74.32,74.44,0.21302284741716462,0.21321271547228623,0.07668822507017926,0.04477467024918011,-0.000835907624663731,0.0012022664120192594,0,0,-0.08909066800268654,52.5486482717041,-1112.6655655757856,0.21311778144472543
74.68,74.65,0.1161735956104465,0.2656134750910173,0.024396455078193765,0.10358925528549674,0.002061745466123706,2.9172724194735048e-05,0,0,-78.28441083979214,-123.75256578607848,194.41915531084607,0.1908935353507319
74.89,75.04,0.6141675582620034,0.13849611874693185,0.35621718379196193,0.027699223749386374,-0.04124243911851258,-0.011808560392755855,0,0,126.39681016769052,171.14035951026332,110.96446437170236,0.3763318385044676
75.47,75.6,0.2955321289011409,0.1056469735951787,0.10048092382638792,0.022185864454987526,7.140752886722031e-05,-0.0014446577342736664,0,0,94.66353263388348,127.65486154541793,-220.79956837758797,0.2005895512481598
75.81,75.81,0.19749990025576647,0.7787539032587925,0.041474979053710954,0.4516772638900996,-0.010684683903663283,0.001225712927583767,0,0,-119.07846113592278,-166.3592899376215,251.83282328208563,0.48812690175727946
76.39,76.39,0.07659242479326438,0.2757896530789941,0.014552560710720232,0.09652637857764793,-0.0008076857090488967,-0.0031175121925160034,0,0,-113.05752522291466,-147.59560793809587,-117.69223062848494,0.17619103893612925
76.58,76.74,0.30220414070003326,0.18352856925334518,0.10879349065201196,0.03854099954320249,-0.002143427037683078,0.0007438559778883752,0,0,48.864558229186905,95.36462374251504,412.5954156261243,0.24286635497668924
76.94,76.95,0.1871736534256613,0.31333946440386024,0.03930646721938887,0.11593560182942828,0.002738197001192655,4.631661232096761e-05,0,0,-50.41458714421624,-98.72212484612368,193.34654180231885,0.2502565589147608
77.15,77.32,0.24560116939148396,0.21220709112316938,0.13753665485923103,0.04456348913586557,-0.022860319571682133,-0.01203071808057695,0,0,14.588674407392316,102.11212762782762,62.07669487527553,0.22890413025732667
77.71,77.53,0.7023362899663995,0.14183157433198884,0.23177097568891186,0.05247768250283587,-0.00013264542863980489,1.5656475654607892e-05,0,0,132.79461096289467,126.15242888156665,253.53146687820671,0.42208393214919415
78.04,78.11,0.1728127895558498,0.5046084911966612,0.03283443001561146,0.29267292489406344,-0.007266196990400762,-0.022361374486265854,0,0,-97.95845246321089,-159.651381733328,-101.89952630949449,0.3387106403762555
78.23,78.11,0.27065845206843653,0.5046084911966612,0.14344897959627137,0.29267292489406344,0.011633244586311847,-0.022361374486265854,0,0,-60.353415339218685,-68.43221758016472,-633.7473425396059,0.38763347163254885
78.76,78.69,0.3314168847324073,0.3556945814252053,0.1226242473509907,0.12093615768456982,-0.005902848548105119,-0.00032379529530781465,0,0,-7.066596291446277,1.3861774176097421,179.19936945484028,0.3435557330788063
79.13,79.22,0.19665224565221873,0.5357004991121157,0.037363926673921556,0.2892782695205425,0.0024044755053991233,0.012365289137963545,0,0,-92.59151573713298,-154.24482555012307,-134.88114229417565,0.3661763723821672
79.32,79.22,0.5789897086397167,0.5357004991121157,0.33581403101103563,0.2892782695205425,-0.0404511346489128,0.012365289137963545,0,0,7.767038631281956,14.889244820619027,376.10705909698095,0.5573451038759162
79.9,79.76,0.5328148590914299,0.12868261422058846,0.29837632109120077,0.047612567261617736,0.01480029960015234,-0.00014064679850002773,0,0,122.18708647439334,144.9548018859319,203.83765701420091,0.3307487366560092
80.46,80.32,0.5985914630544567,0.6343443147584837,0.34119713394104023,0.36157625941233573,0.00949452463276227,-0.026133400250000854,0,0,-5.799629201684416,-5.799629201684433,-428.2491882546568,0.6164678889064702
81.03,80.89,0.41810782679157343,0.8135713256613843,0.23832146127119683,0.48000708214021676,-0.03386128454850505,-0.018863434581898732,0,0,-64.21534343294246,-67.29110880690635,56.89115167977363,0.6158395762264789
81.6,81.48,1.7261510959280362,0.4051601841720456,1.0184291465975412,0.2349929068197864,-0.02881788054848225,0.01776853833619873,0,0,123.96039227962605,125.00757229247652,843.2432988253544,1.065655640050041
82.19,82.06,0.19767100485233718,0.5387504478530438,0.11267247276583219,0.3124752597547654,0.01740000848730204,-0.010469798574959926,0,0,-92.63158799833654,-93.99216870067778,804.2990736147316,0.3682107263526905
82.76,82.64,0.7180055005496074,1.0916914973353833,0.40208308030778017,0.644097983427876,-0.00368116140821573,-0.10095712363091246,0,0,-41.29818386420556,-46.26635130556082,-185.9280514513815,0.9048484989424954
83.32,83.23,0.3618037676765395,0.6989113310987456,0.19537403454533134,0.40536857203727245,-0.048779498546047136,0.01475325507663456,0,0,-63.5623201388261,-69.91165107682977,373.4338389707556,0.5303575493876426
83.86,83.81,0.27889919272756675,0.2850051539732249,0.09761471745464836,0.15960288622500596,6.841262582383927e-05,0.00996194807500854,0,0,-2.1656017661087423,-48.19900961954324,-197.27177804011927,0.2819521733503958
84.21,84.37,0.21371041458158468,0.7431127406737463,0.04701629120794863,0.416143134777298,-0.012418114533362223,-0.024445475365785823,0,0,-110.65834332800802,-159.3951554733585,-65.25333460646794,0.4784115776276655
84.43,84.37,0.293137902846946,0.7431127406737463,0.1758827417081676,0.416143134777298,0.020388321383346723,-0.024445475365785823,0,0,-86.84671814494558,-81.16550394568061,-2210.110680698352,0.5181253217603462
85.03,84.93,0.6792513191549724,0.7131001662658357,0.35321068596058564,0.4135980964341847,-0.013796929350564853,-0.031878514856602556,0,0,-4.8621123998202584,-15.750317904551668,-79.17420758526671,0.696175742710404
85.55,85.51,0.1510045237585618,0.44243415395269037,0.0588917642658391,0.2610361508320873,-0.0024947668995165054,0.022515789076771278,0,0,-98.217268654649,-126.3687080912424,-249.84294762633508,0.29671933885562607
85.94,86.1,0.08808378491140433,0.5862050911340491,0.015855081284052778,0.3165507492123865,-0.0008228569798909657,0.002012957559840569,0,0,-147.74715227218627,-180.9208144630031,-476.5672057485463,0.3371444380227267
86.12,86.1,1.0232306495531311,0.5862050911340491,0.6139383897318786,0.3165507492123865,0.027983664366993753,0.002012957559840569,0,0,54.307922630385406,63.920711821936735,173.15754334270792,0.8047178703435901
86.72,86.64,1.3019096905222252,0.2369533154865729,0.7551076205028905,0.0900422598848977,0.03338205841630458,-0.007288476014665796,0,0,138.4082105914974,157.38400396219296,311.7282541351325,0.769431503004399
87.3,87.2,0.33592408766637605,1.179111147492256,0.1276511533132229,0.7074666884953535,-0.004816862965838532,0.007558224404146711,0,0,-111.30923430141794,-138.85837570574486,-902.8424487959883,0.757517617579316
87.68,87.8,0.14600528166315122,0.7933249457339021,0.029201056332630246,0.4601284685256632,0.0014655126488327692,0.049147533701977275,0,0,-137.8257922912833,-176.1297409216526,-188.41790601834177,0.46966511369852665
87.88,87.8,0.7033813209895309,0.7933249457339021,0.4009273529640326,0.4601284685256632,-0.01980208894820565,0.049147533701977275,0,0,-12.018874610751043,-13.750819420559266,-469.9170397907918,0.7483531333617165
88.45,88.38,0.2820768618497855,0.29083445465507035,0.15514227401738204,0.11051709276892673,0.0175756985270909,-0.004351259428994269,0,0,-3.0572245836273853,33.5957898178316,331.6126724685219,0.2864556582524279
89.0,88.97,0.3333352353310513,0.5860493987229817,0.1766676747254572,0.3340481572720995,-0.0032561317580517973,-0.0419835222924211,0,0,-54.97463282099582,-61.6313310402311,-171.20993229153342,0.4596923170270165
89.53,89.54,0.3675732864593645,0.604973667749148,0.1396778488545585,0.3387852539395229,-0.0010058035734573992,0.013672418371454498,0,0,-48.82034338033313,-83.22790364491503,-231.76234817266067,0.4862734771042562
89.91,90.1,0.15271427024774029,0.13008849496328936,0.029015711347070657,0.07024778728017626,0.0009943590176504282,0.004000403169543872,0,0,16.001099046939935,-83.07600780411698,-120.36785893832611,0.14140138260551482
90.1,90.1,0.25029013974473,0.13008849496328936,0.09511025310299741,0.07024778728017626,0.0012804891117985454,0.004000403169543872,0,0,63.201049592971,30.071069740798734,-103.00963976693411,0.19018931735400968
90.48,90.64,0.1902066595429311,0.6329567633467499,0.032335132122298285,0.23419400243829747,-0.01120867597346197,-0.00397230681065579,0,0,-107.572832196446,-151.47227386513447,95.33466002447246,0.41158171144484046
90.65,90.64,0.049651415858745516,0.6329567633467499,0.01837102386773584,0.23419400243829747,-5.119471451230963e-06,-0.00397230681065579,0,0,-170.9048807961627,-170.90488079616273,-199.4851473200887,0.3413040896027477
91.02,91.01,0.09555526584938277,0.2039045321071957,0.02006660582837038,0.03874186110036718,2.5430198672160217e-05,0.001843155111572522,0,0,-72.36314657069497,-63.51213098150288,-194.55626702559695,0.14972989897828923
91.23,91.2,0.7510929449580018,0.23374074058052613,0.42061204917648104,0.09349629623221045,-0.0051360547470851396,0.00029551674623647106,0,0,105.06387260597741,127.25557010136814,224.42015711349933,0.492416842769264
91.79,91.78,0.29560216861541555,0.16590502357205092,0.1596251710523244,0.061384858721658844,-0.042738242361597505,3.6426003943961036e-05,0,0,56.20590415010521,88.90122537075027,200.34121268883618,0.23075359609373325
92.33,92.36,0.8063535151707997,0.7476125450419507,0.4757485739507718,0.41866302522349247,0.01276203183353589,0.001646126351971742,0,0,7.56013553099182,12.764939269567092,154.30015881898106,0.7769830301063751
92.92,92.92,0.06808929849293927,0.5104598529312585,0.026554826412246314,0.27564832058287964,0.0007103638251901301,-0.033826608832270254,0,0,-152.92410449461326,-164.8516877785199,-208.5802460398304,0.2892745757120989
93.31,93.46,0.045707447149301,0.8283150013455074,0.0091414894298602,0.4804227007803943,0.0003539400003139063,0.0017552613344704125,0,0,-179.08179716527155,-192.53091658854035,-132.87696257785663,0.4370112242474042
93.51,93.46,0.650642012953877,0.8283150013455074,0.24724396492247327,0.4804227007803943,-0.0033092940766091053,0.0017552613344704125,0,0,-24.026795461097034,-64.08943733397189,651.7952001589837,0.7394785071496922
93.89,94.04,0.3073272099772741,0.1696916564855009,0.06453871409522756,0.06617974602934536,0.002306095318445651,0.0013461749640838955,0,0,57.70654503138558,-2.510788350098245,52.56567998012014,0.2385094332313875
94.1,94.04,0.5720996834349856,0.1696916564855009,0.3432598100609914,0.06617974602934536,-0.043080505515891404,0.0013461749640838955,0,0,108.49628602906562,135.34601623616086,212.90232713725024,0.37089566996024326
94.7,94.63,0.2525312783918794,1.9801524834026973,0.09343657300499537,1.1880914900416184,5.690149788603865e-05,-0.03880562350753011,0,0,-154.7573583481611,-170.83588703227744,-200.58738967310327,1.1163418808972883
95.07,95.23,0.13064686267273629,0.4781172109479647,0.02612937253454726,0.2868703265687788,-0.00431895216310586,-0.04757673320491715,0,0,-114.1559968243871,-166.60779852581064,-166.71051065245507,0.3043820368103505
95.27,95.23,0.7951193264165537,0.4781172109479647,0.4611692093216011,0.2868703265687788,0.005578133213345375,-0.04757673320491715,0,0,49.79469347066555,46.60151620070643,-253.1268491279689,0.6366182686822592
95.85,95.83,0.26656654099667626,0.27315758881565044,0.09596395475880345,0.10379988374994717,-0.00451175353175264,5.557207920486428e-05,0,0,-2.4423765605091723,-7.845192653124217,204.98831385540564,0.2698620649061634
96.21,96.21,0.10809787295845097,0.1494466642957662,0.021619574591690196,0.0313837995021109,-0.0007865750414306163,-0.006048353110048579,0,0,-32.11001233274123,-36.84378618289758,-153.96732641525205,0.12877226862710858
96.41,96.42,0.7486533543306102,0.7635797486458231,0.26951520755901964,0.4428762542145774,-0.00020719331485682252,0.008459630099335447,0,0,-1.9740864402233012,-48.670164076349664,-210.04277016681988,0.7561165514882167
96.96,97.0,0.46600355758494616,0.32765599247356747,0.16310124515473115,0.11795615729048428,-0.00013270098188753604,-0.004591753750010131,0,0,34.86320175979205,32.12517263127178,-188.76475788906677,0.3968297750292568
97.31,97.36,0.4757543058498245,0.11280764724952119,0.3615732724458666,0.02256152944990424,-0.003395046016001931,-0.0004374881106117923,0,0,123.33337440146768,176.5066540823073,154.33954702985625,0.29428097654967283
98.07,98.11,0.13173781427961034,0.7970160824932551,0.04874299128345583,0.27895562887263925,-0.004290711246528437,-0.0001859955951209356,0,0,-143.26255222729776,-140.5026591076426,183.38103416640894,0.46437694838643273
98.44,98.46,0.13585732696320296,0.48907112353012416,0.027171465392640592,0.3765847651181956,-0.005030310320591354,-0.00304302345555184,0,0,-113.04135578659906,-173.081316557505,49.23088578133542,0.31246422524666356
98.64,98.46,0.5883825373997154,0.48907112353012416,0.3236103955698435,0.3765847651181956,0.009754246260325103,-0.00304302345555184,0,0,18.434465902484515,-15.131315531029214,381.36924039461377,0.5387268304649198
99.19,99.23,0.041071561760657245,0.23716268322908077,0.013553615381016891,0.08775019279475989,-1.1110343477718083e-05,-0.003803072216808038,0,0,-140.95398032377778,-146.48329366848913,-198.83483883614784,0.13911712249486902
99.52,99.6,0.059931018341933234,0.18002931175678644,0.011386893484967315,0.03600586235135729,-0.00041696387570775524,-0.004816993401060675,0,0,-100.09845657858928,-103.8933838387197,-168.13394885292612,0.11998016504935984
99.71,99.8,0.20635155113419532,0.6239972773921474,0.06396898085160055,0.3494384753396026,-0.0016018992241789904,0.008676369296286242,0,0,-100.59524669870773,-138.105634145104,-290.57352467967047,0.41517441426317137
100.22,100.36,0.4583118578207912,0.11099653904343146,0.2566546403796431,0.03995875405563532,-0.05047510615745459,5.097978546557381e-05,0,0,122.01306732533327,146.11335185086608,200.4044078827622,0.2846541984321113
100.78,100.72,0.6656936103096945,0.049952304068137054,0.39275923008271973,0.00949093777294604,0.016712041073461685,-0.00037357102022983176,0,0,172.0798774564013,190.562154070895,209.1458017553103,0.35782295718891577
101.37,101.44,0.05853867373248987,0.6649731108051395,0.02165930928102125,0.3790346731589295,0.00021115854688438795,-0.038979690093738265,0,0,-167.63636751547875,-178.37820358655654,-202.17865922137588,0.3617558922688147
101.88,102.01,0.16631797460718525,0.6049501948805694,0.07650626831930522,0.36297011692834164,-0.006198300166752872,0.018145705648523247,0,0,-113.74311494397756,-130.36598016415047,-407.5195380690939,0.38563408474387734
102.88,102.97,0.9108285515957983,0.13393714644731902,0.6831214136968488,0.018751200502624667,0.0362831348559016,-0.00029329046466502855,0,0,148.7206952915135,189.31361610453402,203.25970250359234,0.5223828490215587
103.63,103.58,0.6805054970384209,0.7141873003720595,0.2449819789338315,0.39280301520463273,-0.004796907159446685,-0.0004357438079689996,0,0,-4.829996024382634,-46.354504301400674,166.69039760668724,0.6973463987052402
103.99,104.13,1.028008736719806,0.7793537806891155,0.6887658536022702,0.5767217977099455,-0.1010174772758183,0.03277233404538157,0,0,27.51578099419349,17.707649027810493,392.08595656234417,0.9036812587044608
105.09,105.22,0.133322493304055,1.0121095248412015,0.01466547426344605,0.7287188578856651,-2.324752851560856e-05,-0.11591586974825563,0,0,-153.44202320450665,-192.10880637150456,-199.91979401236904,0.5727160090726282
105.2,105.22,0.031241553292932912,1.0121095248412015,0.019369763041618405,0.7287188578856651,0.013838330228981677,-0.11591586974825563,0,0,-188.02261139220622,-189.64306500606364,-254.2267389835303,0.5216755390670672
105.82,105.94,0.7941666896404468,0.35097926734924634,0.28590000827056083,0.15794067030716086,-0.004882523930780952,0.001671857212015173,0,0,77.40278338950453,57.66003169130105,408.2878552599014,0.5725729784948466
107.27,107.14,0.42288093403983856,0.8321208698400021,0.23681332306230962,0.3162059305392008,1.066905216304953e-05,-0.004097801682457272,0,0,-65.2174259088708,-28.71242075564306,-201.04416011205208,0.6275009019399204
108.4,108.28,0.13833422669026357,0.4441618356022442,0.08161719374725551,0.1598982608168079,-0.000581779302747984,4.9623467146707977e-05,0,0,-105.00589745048111,-64.82489264370275,237.29995150058934,0.29124803114625386
109.16,109.2,0.18238562930425112,0.9673160662800797,0.0656588265495304,0.5513701577796454,-5.588189739463671e-06,-0.0014433385704565795,0,0,-136.54506033878485,-157.43549932526193,-198.45728855509367,0.5748508477921654
110.28,110.33,0.13172685500698253,0.12288165753648138,0.048738936352583535,0.020889881781201835,-0.004215466628136557,-0.00095904846741897,0,0,6.948076780418878,79.99289753237605,125.86370319083913,0.12730425627173195
110.65,110.5,0.4662505093910076,0.4553294237135641,0.2517752750711441,0.16847188677401873,-0.0003733083337039006,0.00021120705216665092,0,0,2.370078879789209,39.644949858254094,721.1730596173408,0.4607899665522859
111.78,111.64,0.7656570101467096,0.13839085263969347,0.4211113555806903,0.05120461547668659,-0.0033092465421014974,-0.0024248991496663075,0,0,138.76835139539924,156.63528771889335,30.844957208003922,0.4520239313932015
112.98,113.15,0.7633059407674286,0.9330759993988805,0.3358546139376686,0.5225225596633731,-0.00015674225159421212,-0.005240839569875358,0,0,-20.015546571405732,-43.49322220268277,-188.38426119113194,0.8481909700831546
114.53,114.37,0.34781568119655154,0.7737514287225971,0.18782046784613785,0.35592565721239466,-0.000510840504908669,0.00027240500004060454,0,0,-75.95368012472305,-61.83223442674128,656.9873101597628,0.5607835549595743
115.07,114.95,0.8154253061837955,0.1896660405994213,0.42402115921557365,0.08534971826973958,-0.00013266697657823845,-0.0024490066682008346,0,0,124.51788936142164,132.97636591153528,-179.44481064110775,0.5025456733916084
115.59,115.4,0.40212088059268414,0.6662029863068343,0.19703923149041522,0.37307367233182726,0.00044035684151288307,-0.0010871964869530355,0,0,-49.43858578776627,-61.754238383735455,-472.31283339983605,0.5341619334497592
116.08,115.96,0.6341444198019713,0.7260764329893359,0.3107307657029659,0.39934203814413477,-0.0025761786409459544,-0.00021650789906797058,0,0,-13.51721861912512,-24.958362568199256,168.98930173998102,0.6801104263956537
116.57,116.51,0.2943197277834443,0.6147130499865533,0.10889829927987438,0.3196507859930077,-0.0004893001838962852,-0.0015063394056480175,0,0,-70.49103839557579,-98.35628820858875,-101.92614208299703,0.4545163888849988
116.94,117.03,0.7612937349809903,0.8462911304254412,0.38064686749049514,0.43160847651697504,-0.0003161935571496799,-0.0036494050376761483,0,0,-10.57454536597193,-12.548174512474787,-168.1063476709682,0.8037924327032158
117.44,117.54,0.5687107429566547,0.46854368710160793,0.29572958633746044,0.2623844647769005,7.112779825736368e-05,-0.0005292147405305397,0,0,19.31388345083672,11.949214141439828,-262.10855773745,0.5186272150291313
117.96,118.1,0.7159358265159552,0.44448756045398874,0.3937647045837754,0.1777950241815955,-0.007257586650610451,-0.00013928006763810376,0,0,46.784349421078545,75.57204244207236,192.4681585896639,0.5802116934849719
118.51,118.5,0.7341375889304551,0.777202103322422,0.40377567391175034,0.3963730726944352,-0.019783131358540193,-0.0001123591993809174,0,0,-5.698853092089816,1.8503062708560374,197.74101173220515,0.7556698461264386
119.06,119.01,1.0085948355369467,0.7138296644614256,1.0186807838923162,0.38546801880916987,0.00022778560831296368,-0.0027929287902926994,0,0,34.226774070596385,90.19168963643857,-235.5201393689318,0.8612122499991861
120.07,120.1,0.3260725158944642,2.101533477762806,0.17281843342406603,1.1768587475471715,-0.002915479849904498,-0.00015446618587966476,0,0,-146.27258018864504,-148.7822907994326,179.8737588115018,1.213802996828635
120.6,120.66,0.08401242186403597,1.1219084786317675,0.015122235935526475,1.144346648204403,-0.0010428724908018087,-0.0011407944827229177,0,0,-172.13335573519126,-194.78304725814394,-8.96858294862151,0.6029604502479017
120.78,120.66,0.23731488504833814,1.1219084786317675,0.07356761436498482,1.144346648204403,-0.00041093181856803954,-0.0011407944827229177,0,0,-130.16162276498642,-175.83816312002716,-94.07105667380512,0.6796116818400528
121.62,121.68,0.61666069180793,1.0888455379497666,0.3206635597401236,0.5770881351133763,-0.0008677103772981587,-0.0026897304417024016,0,0,-55.37181136053902,-57.125946259582946,-102.4343148407527,0.8527531148788483
122.14,122.21,1.7791403828208274,0.058492356461779506,0.9251529990668302,0.009943700598502516,-0.0021118380177832935,-0.0031213179483369747,0,0,187.26788977766816,195.7464503501889,-38.58015840112957,0.9188163696413034
122.66,122.7,0.6036476875369253,0.24478479044621138,0.45273576565269397,0.048956958089242275,-0.05116676336434993,-0.008452161128400838,0,0,84.59433282040074,160.96657912509409,143.29209256749635,0.42421623899156835
123.41,123.24,0.3615512369661303,0.9551376242999432,0.1301584453078069,0.5062229408789699,0.0001672657392807898,-0.0035076193774012943,0,0,-90.1635010055519,-118.18840202871323,-220.0297043249474,0.6583444306330367
123.77,123.77,0.19202602833371557,0.9304336855432551,0.03648494538340596,0.5024341901933578,-0.013285324086342457,-0.009221514903879721,0,0,-131.56956068544906,-172.91991100345032,36.1117719305515,0.5612298569384854
123.96,123.77,0.17444485157100587,0.9304336855432551,0.06454459508127217,0.5024341901933578,1.4466899013359396e-05,-0.009221514903879721,0,0,-136.84560041264857,-154.46419036648192,-200.6285141124805,0.5524392685571304
124.33,124.31,0.9439745086559217,0.673327445923333,0.519185979760757,0.5049955844424998,-0.006944187911769624,0.01305415839174958,0,0,33.468958838054235,2.77107025047777,-654.613516351549,0.8086509772896273
124.88,125.06,0.19255889808681945,0.4268254155690596,0.10205621598601432,0.2304857244072922,-0.0032348733440794378,0.00778040592205765,0,0,-75.64496301157386,-77.24108921081097,-484.66396740848035,0.30969215682793955
125.41,125.6,0.8731606677153386,0.3760272780984173,0.4715067605662829,0.1391300928964144,0.00012098672974245397,-0.0032995228735370917,0,0,79.5930494338984,108.86230196722734,-215.2254653424222,0.6245939729068779
125.95,125.97,0.3078272908746141,0.23886173347941633,0.17853982870727614,0.131373953413679,-0.008013735235836539,-0.0006467451185627332,0,0,25.230269613218475,30.43806246421719,170.12890315100339,0.2733445121770152
126.53,126.52,0.8380828760633452,0.2143669916094958,0.4777072393561067,0.0407297284058042,-0.005121890069137008,-0.009371380781304858,0,0,118.52647876387675,168.57498138557966,-58.64087901232168,0.5262249338364204
127.1,127.05,0.37014072193943437,0.6457022176605763,0.20357739706668893,0.3615932418899228,-0.00045337378125923783,-0.005049551340831036,0,0,-54.25277569574773,-55.91792422725795,-167.04488822213705,0.5079214698000054
127.65,127.61,0.80285481674787,0.7805610151381617,0.44157014921132853,0.45272538878013374,0.00042242310246019127,-0.004216701945991613,0,0,2.815912429415814,-2.494754607377166,-244.53263662267187,0.7917079159430158
128.2,128.19,0.6469475608685313,0.6942246527459286,0.35582115847769225,0.3957080520651793,-0.005794583970810785,-0.0003916164985498863,0,0,-7.050115025867628,-10.614861811871426,174.6780596271004,0.67058610680723
128.75,128.76,0.616580481116799,0.5725746249981356,0.3452850694254075,0.3034645512490119,-0.0006258304667073437,-0.002100007123206637,0,0,7.401197016667412,12.892652833590967,-108.16320546418275,0.5945775530574673
129.31,129.29,0.4969359917646945,0.9612408506284165,0.26834543555293505,0.5286824678456291,-0.004555643728873331,-0.006496152222630093,0,0,-63.682928622254124,-65.32695560158052,-35.11661819077986,0.7290884211965555
129.85,129.84,0.6398093614633235,0.5686765025807111,0.33270086796092824,0.307085311393584,0.0004915114348864706,-0.0012207852860679075,0,0,11.772228538044432,8.007536703336743,-469.58950144185934,0.6042429320220173
130.37,130.38,0.6178838544608201,0.794814513862565,0.32747844286423466,0.453044272901662,0.00018723183520275716,-0.0002918389543201741,0,0,-25.048610994253405,-32.17480478174538,-915.9429942529919,0.7063491841616925
130.9,130.95,0.5232435549775445,0.5258046689457601,0.2563893419389968,0.2944506146096257,-0.0005144277267764563,-0.0020420849256691867,0,0,-0.4882738295170707,-13.81935795257409,-119.51102197216383,0.5245241119616523
131.39,131.51,0.7945195565981729,0.9391959275073656,0.4449309516949769,0.5071658008539774,-0.00023779369128422434,-0.0035191919577746075,0,0,-16.689747797209577,-13.073219500515126,-174.68250203789896,0.8668577420527692
131.95,132.05,0.37722722294515165,0.37536752185934696,0.21124724484928495,0.20269846180404738,-1.2320888592355639e-05,-0.0019654711624187,0,0,0.4942104894149327,4.130388554746832,-197.50815287460435,0.3762973724022493
132.51,132.59,0.9165942618696439,0.8382536073609477,0.5407906145030899,0.42750933975408334,-0.007216736137867368,-2.0920325218692915e-06,0,0,8.928483873994669,23.397971723733004,199.88407910688605,0.8774239346152958
133.1,133.1,0.24097512931239526,0.6053493797270597,0.048195025862479056,0.3389956526471535,0.0017614406326424362,-0.0016420018721887697,0,0,-86.10745559719518,-150.21055150605332,5699.058650481376,0.4231622545197275
133.66,133.66,0.17087376992441206,0.9122776359750578,0.03588349168412653,0.5199982525057829,-0.0016383302131434546,-0.0023053174398868894,0,0,-136.8975495046271,-174.17904649024243,-33.82590360124663,0.541575702949735
134.23,134.23,0.14365624325975165,0.5155876576527778,0.028731248651950335,0.2990408414386111,-1.9068966286514902e-05,-0.0004967940266677809,0,0,-112.83575437806748,-164.93752882496852,-185.21392963095968,0.32962195045626475
134.81,134.81,0.16194140118937655,0.2507852296677873,0.03076886622598155,0.050157045933557465,0.0014501918556019283,-0.015121296247162574,0,0,-43.05214242846267,-47.91587562053959,-242.43086188405238,0.20636331542858194
135.0,135.01,0.1611617155333772,0.08947592225080937,0.05640660043668201,0.03400085045530756,-0.0012056458977374312,9.38286017219687e-05,0,0,57.20273612241223,49.56615801089837,233.75684190495406,0.1253188188920933
135.35,135.39,0.30951303140559355,0.10519445911531124,0.06499773659517465,0.021038891823062247,-0.0014738372016756297,-0.0021599728787314526,0,0,98.53623431476598,102.18634918705064,-37.76398115880385,0.2073537452604524
135.56,135.59,0.181663756681416,0.22905074908577683,0.06721558997212392,0.08245826967087966,3.828011644496166e-05,-0.004508031335185239,0,0,-23.07539263354941,-20.367858135164028,-203.42570443602906,0.2053572528835964
135.93,135.95,0.3204925658027192,0.20775237297945837,0.06409851316054384,0.04155047459589167,-0.009467897371640523,-0.002407354242705835,0,0,42.684817040811964,42.684817040811964,118.9118910188804,0.26412246939108874
136.13,136.15,0.180786334002825,0.10454922348429244,0.10304821038161024,0.04077419715887405,0.017939088904493736,-0.0027769068921983664,0,0,53.43681046269502,86.59848529542491,273.2587668436247,0.14266777874355874
136.7,136.73,0.7666559472138122,0.23693462219799305,0.4523270088561492,0.0852964639912775,-0.006248991521868899,0.00020432812078547465,0,0,105.56522573269771,136.53813994428478,213.52122407668566,0.5017952847059026
137.29,137.3,0.14548981358905094,0.0415483753813026,0.052376332892058335,0.015372898891081961,-0.0037960688132704728,0.00011702570580035749,0,0,111.14461573857899,109.2364681548606,212.72349384140054,0.09351909448517677
137.65,137.67,0.12589566523330428,0.12829549332569565,0.02517913304666086,0.026942053598396087,-0.004576347866769799,0.0013135973131418914,0,0,-1.8882073680264095,-6.7646984468739815,361.0417090183349,0.12709557927949997
137.85,137.88,0.6797720952792452,0.7094634381287301,0.3806723733563774,0.3972995253520889,0.008451318818637817,-0.029258359962037166,0,0,-4.2744865266508425,-4.274486526650831,-362.47036299668855,0.6946177667039877
138.41,138.44,0.09554050020266532,0.6514746685254693,0.034394580072959514,0.38437005443002686,1.8083245024540218e-05,-0.04151921035710433,0,0,-148.84146710684215,-167.14662391318603,-200.1742916039432,0.37350758436406734
139.56,139.59,0.2516267212387349,0.2931085824832433,0.10065068849549398,0.11724343299329733,-0.0004161933905814921,-0.002247906205665181,0,0,-15.230098347244208,-15.230098347244208,-137.51083613122455,0.2723676518609891
139.96,139.99,0.08700602552975228,0.1379477060792096,0.012180843574165321,0.026210064155049822,0.00015316772615361083,0.003791147340550375,0,0,-45.290807300773714,-73.08616237905929,-184.4669887102499,0.11247686580448094
140.1,140.18,0.6780344926426197,0.15787392057337796,0.32545655646845745,0.05841335061214984,0.0019645413809102176,-0.0030767251084464083,0,0,124.4539626220589,139.13213874315616,-906.5528229808741,0.41795420660799887
140.58,140.55,0.21978387993492715,2.2038529534309683,0.0461546147863347,1.7410438332104652,-0.0005597076186370006,-0.006471470932708334,0,0,-163.72659848881798,-189.66995190980217,-168.15853191326468,1.2118184166829478
141.33,141.34,0.5246360751025394,0.3184280815687504,0.32527436656357445,0.12737123262750016,-0.05487876174325147,7.469637866220138e-05,0,0,48.91869542834553,87.44286227006207,200.54518859624937,0.4215320783356449
141.95,141.88,0.487061543932662,0.7456019223064778,0.33607246531353674,0.3578889227071093,0.00598884066963353,-0.008165312265111543,0,0,-41.94825034648319,-6.287513331483368,-1300.6512893761362,0.6163317331195699
